date,yield_rate
2004-09-06,2.102527884309075
2004-09-07,2.1185269346302498
2004-09-08,2.1290003432365254
2004-09-09,2.1123363860039417
2004-09-10,2.0952459336438167
2004-09-13,2.11081622077135
2004-09-14,2.1074363537501006
2004-09-15,2.1110931977284304
2004-09-16,2.119161378137515
2004-09-17,2.1094909094079437
2004-09-20,2.10735963785428
2004-09-21,2.113843889845032
2004-09-22,2.1163896580063453
2004-09-23,2.0957893976934887
2004-09-24,2.118050323284787
2004-09-27,2.1117398337649327
2004-09-28,2.1103872520949993
2004-09-29,2.1215435048017883
2004-09-30,2.113202280203587
2004-10-01,2.1144422912603105
2004-10-04,2.1176113347434473
2004-10-05,2.113149602492023
2004-10-06,2.116999346439523
2004-10-07,2.1152810002453597
2004-10-08,2.088858116243011
2004-10-11,2.0935194656930687
2004-10-12,2.0801623950024446
2004-10-13,2.0891925680962773
2004-10-14,2.081814031922587
2004-10-15,2.0730733123190093
2004-10-18,2.0746707503738366
2004-10-19,2.0811043497493418
2004-10-20,2.07532768843396
2004-10-21,2.079452592405153
2004-10-22,2.085103135148599
2004-10-25,2.0779471596281165
2004-10-26,2.08169371038246
2004-10-27,2.086257655953884
2004-10-28,2.107771249017504
2004-10-29,2.0994653132487193
2004-11-01,2.094979891534401
2004-11-02,2.1060623390510753
2004-11-03,2.0779173220127882
2004-11-04,2.0768372058231663
2004-11-05,2.0688609221582377
2004-11-08,2.061000441947978
2004-11-09,2.1349404974426682
2004-11-10,2.1315268456641245
2004-11-11,2.117644967628396
2004-11-12,2.113568271764947
2004-11-15,2.1177699371649576
2004-11-16,2.1300685604404177
2004-11-17,2.1271744745311243
2004-11-18,2.142081488653895
2004-11-19,2.1338471294625796
2004-11-22,2.126407252411019
2004-11-23,2.128850916317008
2004-11-24,2.12432764467575
2004-11-25,2.1061316148569325
2004-11-26,2.1002148917962016
2004-11-29,2.1086408692176764
2004-11-30,2.0978937978834895
2004-12-01,2.084023419178964
2004-12-02,2.104441133130782
2004-12-03,2.0984746970949115
2004-12-06,2.0766158644821995
2004-12-07,2.0734800458334908
2004-12-08,2.0846426893310017
2004-12-09,2.0751392560320925
2004-12-10,2.086117756965709
2004-12-13,2.082985303914867
2004-12-14,2.086261784739506
2004-12-15,2.083941617484695
2004-12-16,2.0926581637523722
2004-12-17,2.1107039998683765
2004-12-20,2.1073485152173386
2004-12-21,2.1229308806343714
2004-12-22,2.120450904200468
2004-12-23,2.1047837875675808
2004-12-24,2.100824079257619
2004-12-27,2.1129221336390738
2004-12-28,2.108364366487396
2004-12-29,2.1222935417109614
2004-12-30,2.1183517498408206
2004-12-31,2.1105544389979283
2005-01-03,2.107405596032473
2005-01-04,2.106423414768047
2005-01-05,2.1134772469768395
2005-01-06,2.0907397389464863
2005-01-07,2.0801683510766504
2005-01-10,2.07239622329946
2005-01-11,2.0926994789187994
2005-01-12,2.0950055526705285
2005-01-13,2.0773783349303527
2005-01-14,2.0840261081202582
2005-01-17,2.0763704466628083
2005-01-18,2.084371679406962
2005-01-19,2.0802820497462453
2005-01-20,2.093125598487211
2005-01-21,2.0889428925385984
2005-01-24,2.076069157057667
2005-01-25,2.0730818216496667
2005-01-26,2.078865354483596
2005-01-27,2.0825121364086696
2005-01-28,2.07407673354563
2005-01-31,2.0766750763321897
2005-02-01,2.06903221071173
2005-02-02,2.077636635258086
2005-02-03,2.08716095846378
2005-02-04,2.078959925492803
2005-02-07,2.0830637940912404
2005-02-08,2.0926791356702448
2005-02-09,2.0822756059052803
2005-02-10,2.0755191723326463
2005-02-11,2.0748937519523216
2005-02-14,2.078212814780897
2005-02-15,2.0824809511369353
2005-02-16,2.0796054616351203
2005-02-17,2.0859847535585954
2005-02-18,2.0840040253820846
2005-02-21,2.0958673019937955
2005-02-22,2.0902839052020403
2005-02-23,2.089067464155253
2005-02-24,2.0955568619064695
2005-02-25,2.102192439024229
2005-02-28,2.094096936953423
2005-03-01,2.092150178668576
2005-03-02,2.095655320761648
2005-03-03,2.083078119410916
2005-03-04,2.076418365336854
2005-03-07,2.0666889519558067
2005-03-08,2.0696255027665886
2005-03-09,2.078043330334296
2005-03-10,2.080128567514598
2005-03-11,2.0762969286843567
2005-03-14,2.0836727599196925
2005-03-15,2.0813363869916897
2005-03-16,2.096776835342566
2005-03-17,2.10015533438024
2005-03-18,2.1062445010172186
2005-03-21,2.1162275164068793
2005-03-22,2.1162379968197502
2005-03-23,2.1296599043189244
2005-03-24,2.129801307820254
2005-03-29,2.1326380389645463
2005-03-30,2.129670317778612
2005-03-31,2.110882245520073
2005-04-01,2.0943877470095877
2005-04-04,2.098945965955565
2005-04-05,2.100481985690534
2005-04-06,2.096604712513986
2005-04-07,2.080250108119784
2005-04-08,2.080077462731002
2005-04-11,2.0734536186868713
2005-04-12,2.0752392705113225
2005-04-13,2.0733777829841196
2005-04-14,2.0706717176467127
2005-04-15,2.05391880066518
2005-04-18,2.046546857149669
2005-04-19,2.0457707655974033
2005-04-20,2.046340151089285
2005-04-21,2.050937020596956
2005-04-22,2.040200667289545
2005-04-25,2.041206201903233
2005-04-26,2.03752188948579
2005-04-27,2.0329239253404943
2005-04-28,2.02394382411379
2005-04-29,2.0263355771694425
2005-05-02,2.02451597268151
2005-05-03,2.018663846656147
2005-05-04,2.0246081253524153
2005-05-05,2.020605618119182
2005-05-06,2.0238774306207685
2005-05-09,2.0278180150371856
2005-05-10,2.021215447482866
2005-05-11,2.022799092669178
2005-05-12,2.027997578817308
2005-05-13,2.02744664143801
2005-05-16,2.03122572528485
2005-05-17,2.030690782109382
2005-05-18,2.0269859125084353
2005-05-19,2.0316232305915696
2005-05-20,2.0341666598513086
2005-05-23,2.0366422102755797
2005-05-24,2.02564027219891
2005-05-25,2.020813840895718
2005-05-26,2.0239737888368836
2005-05-27,2.023291295652311
2005-05-30,2.0223824354868607
2005-05-31,2.016071881527447
2005-06-01,1.9870131896622254
2005-06-02,2.00756999361153
2005-06-03,2.0072846756615985
2005-06-06,2.0110137275813136
2005-06-07,2.0058589995836527
2005-06-08,1.9972995402564284
2005-06-09,2.005068476626208
2005-06-10,2.0094642647987695
2005-06-13,2.0003721935815104
2005-06-14,2.0024010308121616
2005-06-15,2.0154179055930403
2005-06-16,2.0157703205682926
2005-06-17,2.0136826573399684
2005-06-20,2.0027265655327975
2005-06-21,1.9807283532866269
2005-06-22,1.972942596050409
2005-06-23,1.976628916307257
2005-06-24,1.979170522571994
2005-06-27,1.9817970438433652
2005-06-28,1.9895326271471443
2005-06-29,1.9859581282899486
2005-06-30,1.9876021536545851
2005-07-01,1.9922357930012016
2005-07-04,2.0118252119271895
2005-07-05,2.0189276739934425
2005-07-06,2.018467948302017
2005-07-07,2.007822735453375
2005-07-08,2.014400573248771
2005-07-11,2.0217803916121584
2005-07-12,2.0247717799721405
2005-07-13,2.029587897111266
2005-07-14,2.0316605346280063
2005-07-15,2.0372700276406395
2005-07-18,2.0348891909478937
2005-07-19,2.039616482611337
2005-07-20,2.0397729408904257
2005-07-21,2.0369865162336436
2005-07-22,2.0338897035712993
2005-07-25,2.0339167665988462
2005-07-26,2.0414224167889787
2005-07-27,2.046005010329096
2005-07-28,2.0491357994994632
2005-07-29,2.050001998155382
2005-08-01,2.061250740014596
2005-08-02,2.053469601826874
2005-08-03,2.0606284459003033
2005-08-04,2.0628735835965384
2005-08-05,2.072505350924231
2005-08-08,2.0720788348707093
2005-08-09,2.0757086829113804
2005-08-10,2.075762469534786
2005-08-11,2.0686771791658893
2005-08-12,2.062038393985315
2005-08-15,2.057956965945693
2005-08-16,2.0545384961954682
2005-08-17,2.0539956211408668
2005-08-18,2.04854582072726
2005-08-19,2.049754261757953
2005-08-22,2.0514005033172573
2005-08-23,2.0560774948594465
2005-08-24,2.059886955234797
2005-08-25,2.056152805794628
2005-08-26,2.0614324872773624
2005-08-29,2.0601093946618074
2005-08-30,2.06233962096764
2005-08-31,2.055002439185878
2005-09-01,2.0310426202610974
2005-09-02,2.019083081683353
2005-09-05,2.015841146176201
2005-09-06,2.0264289732731053
2005-09-07,2.0289547425951575
2005-09-08,2.031151192575493
2005-09-09,2.0355932259051985
2005-09-12,2.0472784071922128
2005-09-13,2.0471202798902914
2005-09-14,2.0499670969108412
2005-09-15,2.0540544218067533
2005-09-16,2.0565492511560644
2005-09-19,2.0529255562957838
2005-09-20,2.0460168319015697
2005-09-21,2.0417704233513487
2005-09-22,2.041655720033769
2005-09-23,2.059441216986064
2005-09-26,2.0685238102706074
2005-09-27,2.071547682698456
2005-09-28,2.0787364081704256
2005-09-29,2.0996806879745766
2005-09-30,2.100222614761049
2005-10-03,2.1053786004213153
2005-10-04,2.104354167573002
2005-10-05,2.1061464750864487
2005-10-06,2.111123099091055
2005-10-07,2.1481185667196208
2005-10-10,2.1433698190353843
2005-10-11,2.151530136994104
2005-10-12,2.1449516748153044
2005-10-13,2.1425487081899064
2005-10-14,2.1383312148452402
2005-10-17,2.170347373678493
2005-10-18,2.172561658390542
2005-10-19,2.1470568467089692
2005-10-20,2.1774123301219808
2005-10-21,2.162401355388908
2005-10-24,2.1587947153426605
2005-10-25,2.181376917371413
2005-10-26,2.230072119727795
2005-10-27,2.241033332109931
2005-10-28,2.2643049553476975
2005-10-31,2.2564730931385335
2005-11-01,2.2748250084594264
2005-11-02,2.301358372422033
2005-11-03,2.270848944560639
2005-11-04,2.2614717072480324
2005-11-07,2.2991061189954856
2005-11-08,2.310051239669159
2005-11-09,2.334868585483532
2005-11-10,2.3303283323618253
2005-11-11,2.3305101368753247
2005-11-14,2.345647879711495
2005-11-15,2.353323885062779
2005-11-16,2.333848693245542
2005-11-17,2.354904909152725
2005-11-18,2.4323196260579705
2005-11-21,2.441097646233317
2005-11-22,2.434551548893268
2005-11-23,2.4332354498745787
2005-11-24,2.418867862210677
2005-11-25,2.4278247673818387
2005-11-28,2.443007237821755
2005-11-29,2.4413090809779625
2005-11-30,2.4568245569890723
2005-12-01,2.4230400691951526
2005-12-02,2.4141669021099226
2005-12-05,2.4179248697185587
2005-12-06,2.411260584167353
2005-12-07,2.4154688863931533
2005-12-08,2.4260408000168368
2005-12-09,2.444127182674063
2005-12-12,2.4417080512901586
2005-12-13,2.444634134864721
2005-12-14,2.4520356865537276
2005-12-15,2.4629897322832983
2005-12-16,2.468160094464271
2005-12-19,2.472613264478063
2005-12-20,2.4753653636796473
2005-12-21,2.4864168224386476
2005-12-22,2.4886101189669487
2005-12-23,2.489115645980291
2005-12-27,2.487647674660892
2005-12-28,2.4804484727981126
2005-12-29,2.4851241204659598
2005-12-30,2.482351504370873
2006-01-02,2.4948568803311426
2006-01-03,2.4969037198000548
2006-01-04,2.474072165539401
2006-01-05,2.4672099689257023
2006-01-06,2.464561205750433
2006-01-09,2.4663046474570596
2006-01-10,2.483533194277701
2006-01-11,2.5050476035299107
2006-01-12,2.4903807243334524
2006-01-13,2.4874591328164106
2006-01-16,2.4916205671679235
2006-01-17,2.4850235089202783
2006-01-18,2.498410581121976
2006-01-19,2.5150734308572478
2006-01-20,2.515074376977603
2006-01-23,2.5164460972975027
2006-01-24,2.5137233687481615
2006-01-25,2.521328815496484
2006-01-26,2.51975637092185
2006-01-27,2.5252707770521985
2006-01-30,2.540870290977758
2006-01-31,2.5475130216428337
2006-02-01,2.547169700886774
2006-02-02,2.551556053644115
2006-02-03,2.54993766894072
2006-02-06,2.546606212279816
2006-02-07,2.545904666070163
2006-02-08,2.5520462906578696
2006-02-09,2.557153394091733
2006-02-10,2.5527702432601247
2006-02-13,2.5582903681997986
2006-02-14,2.559073087655432
2006-02-15,2.5585154029139336
2006-02-16,2.5613913886464945
2006-02-17,2.5546511105700525
2006-02-20,2.5544017184441676
2006-02-21,2.5679302430908226
2006-02-22,2.575698561424589
2006-02-23,2.594939865169582
2006-02-24,2.5996274405805244
2006-02-27,2.6092919042623293
2006-02-28,2.616879785449357
2006-03-01,2.627416357938935
2006-03-02,2.644350653171622
2006-03-03,2.6583678159907316
2006-03-06,2.6597243630496163
2006-03-07,2.659213085852674
2006-03-08,2.665395447521074
2006-03-09,2.666003538046102
2006-03-10,2.672574892061426
2006-03-13,2.6786122673540445
2006-03-14,2.670919448733927
2006-03-15,2.6779677999580094
2006-03-16,2.6892454083051938
2006-03-17,2.7037410383216987
2006-03-20,2.7124131008979004
2006-03-21,2.7228304119213305
2006-03-22,2.7196399209533286
2006-03-23,2.72233008142262
2006-03-24,2.7243876818437855
2006-03-27,2.724826024907152
2006-03-28,2.768046517576882
2006-03-29,2.787144730849152
2006-03-30,2.797147121583118
2006-03-31,2.7998178580581894
2006-04-03,2.8141492501395273
2006-04-04,2.813973834331612
2006-04-05,2.8183057222979313
2006-04-06,2.73269856600117
2006-04-07,2.7284996664330174
2006-04-10,2.735011244576495
2006-04-11,2.7420132739544862
2006-04-12,2.7347394753545498
2006-04-13,2.7466221428380146
2006-04-18,2.7413572832019293
2006-04-19,2.745423408731542
2006-04-20,2.7534076595922508
2006-04-21,2.7498494539817178
2006-04-24,2.7574405354709004
2006-04-25,2.782475619851253
2006-04-26,2.8195755763279604
2006-04-27,2.832817639333709
2006-04-28,2.831167410852103
2006-05-02,2.8402808733654856
2006-05-03,2.825225886078693
2006-05-04,2.8371650858787314
2006-05-05,2.8418076712270355
2006-05-08,2.850006726972273
2006-05-09,2.8722857050220014
2006-05-10,2.865404671003221
2006-05-11,2.8763769017289555
2006-05-12,2.8761301225912503
2006-05-15,2.8593674694293005
2006-05-16,2.851325482501763
2006-05-17,2.8668950039284398
2006-05-18,2.865881881622952
2006-05-19,2.8762974018250262
2006-05-22,2.864869156770662
2006-05-23,2.870267085898165
2006-05-24,2.8629473174630857
2006-05-25,2.8700758624581995
2006-05-26,2.8708941332535525
2006-05-29,2.8789996194697185
2006-05-30,2.898538265857359
2006-05-31,2.9156406416906795
2006-06-01,2.936091392401644
2006-06-02,2.9224003889532386
2006-06-05,2.937593005961526
2006-06-06,2.953618560891745
2006-06-07,2.961513423348825
2006-06-08,2.922687713288787
2006-06-09,2.9076230609102787
2006-06-12,2.9107794016453123
2006-06-13,2.90821596494005
2006-06-14,2.923493705743279
2006-06-15,2.937266283920486
2006-06-16,2.937106449604015
2006-06-19,2.957547440428238
2006-06-20,2.961193879419728
2006-06-21,2.971399973154887
2006-06-22,2.9761876742176194
2006-06-23,2.987452839969978
2006-06-26,3.0088101053142418
2006-06-27,3.0360963577440967
2006-06-28,3.0307486984381207
2006-06-29,3.0186444292129866
2006-06-30,3.027900681172279
2006-07-03,3.026372708371259
2006-07-04,3.020971776117418
2006-07-05,3.040926438160286
2006-07-06,3.063502822992814
2006-07-07,3.064027536291326
2006-07-10,3.064558929200175
2006-07-11,3.062915829897309
2006-07-12,3.0734342266445562
2006-07-13,3.0747254053037927
2006-07-14,3.0614927535915055
2006-07-17,3.071516404976273
2006-07-18,3.0803292682881596
2006-07-19,3.091811705794871
2006-07-20,3.093009732817812
2006-07-21,3.088992709477048
2006-07-24,3.097692059763813
2006-07-25,3.093726475459518
2006-07-26,3.1063679275478693
2006-07-27,3.109225243188943
2006-07-28,3.105743941733315
2006-07-31,3.117378301749823
2006-08-01,3.1208954814091268
2006-08-02,3.122997897177936
2006-08-03,3.1536617530310864
2006-08-04,3.1599402616773937
2006-08-07,3.168078135900831
2006-08-08,3.175750272805227
2006-08-09,3.1846540629151203
2006-08-10,3.184659123937014
2006-08-11,3.1967310861317313
2006-08-14,3.2120167368776222
2006-08-15,3.2093607610806063
2006-08-16,3.218184217965288
2006-08-17,3.220419850965616
2006-08-18,3.2309039156245523
2006-08-21,3.231379531225893
2006-08-22,3.2118343030504555
2006-08-23,3.2145846220937675
2006-08-24,3.218626669856539
2006-08-25,3.2186349350163415
2006-08-28,3.222960343936566
2006-08-29,3.230080741132811
2006-08-30,3.238092683280114
2006-08-31,3.2559157579139413
2006-09-01,3.2653575300531523
2006-09-04,3.2688105244727272
2006-09-05,3.280262529688608
2006-09-06,3.297792753151038
2006-09-07,3.314197430013051
2006-09-08,3.3123462651511093
2006-09-11,3.328728666510251
2006-09-12,3.3426190220416694
2006-09-13,3.339120934921515
2006-09-14,3.3432228845624508
2006-09-15,3.337607070772848
2006-09-18,3.3553247726278563
2006-09-19,3.353210116026846
2006-09-20,3.354483238750779
2006-09-21,3.3619150728880682
2006-09-22,3.3471512506396253
2006-09-25,3.319014103404453
2006-09-26,3.3424218885019457
2006-09-27,3.349548014771435
2006-09-28,3.3652923094044005
2006-09-29,3.374653593846713
2006-10-02,3.3375101943018213
2006-10-03,3.346101081594031
2006-10-04,3.3546856486738936
2006-10-05,3.357997802123896
2006-10-06,3.3596931130938064
2006-10-09,3.3639302778546862
2006-10-10,3.3721690090015226
2006-10-11,3.3792615548646063
2006-10-12,3.3839742493349485
2006-10-13,3.392085253206358
2006-10-16,3.392955698190747
2006-10-17,3.392254484407203
2006-10-18,3.3880574306572253
2006-10-19,3.3995861761706765
2006-10-20,3.406028465436721
2006-10-23,3.4169515473337144
2006-10-24,3.4279251488958375
2006-10-25,3.437250383526586
2006-10-26,3.446517765515256
2006-10-27,3.45045820715782
2006-10-30,3.4524917633022456
2006-10-31,3.4488998411781613
2006-11-01,3.4379545729641654
2006-11-02,3.457367650351646
2006-11-03,3.471484069335876
2006-11-06,3.4770338467150523
2006-11-07,3.481208936937321
2006-11-08,3.486404173407477
2006-11-09,3.501025681252646
2006-11-10,3.4866442505732675
2006-11-13,3.4835328577097115
2006-11-14,3.488861095086703
2006-11-15,3.497622176634245
2006-11-16,3.500461306446805
2006-11-17,3.4974447565864266
2006-11-20,3.481311273470929
2006-11-21,3.4914842131281496
2006-11-22,3.4875808847287897
2006-11-23,3.506811833677576
2006-11-24,3.500567333084564
2006-11-27,3.5027030743220666
2006-11-28,3.4954587239015584
2006-11-29,3.497543198568652
2006-11-30,3.5097325353082365
2006-12-01,3.507811886056988
2006-12-04,3.4852759923612893
2006-12-05,3.4991241669151267
2006-12-06,3.5076343926013998
2006-12-07,3.527294013535151
2006-12-08,3.533093756989146
2006-12-11,3.545321997913911
2006-12-12,3.5491988533608705
2006-12-13,3.5495287377829463
2006-12-14,3.5567561505297065
2006-12-15,3.5549704630592696
2006-12-18,3.568021759833915
2006-12-19,3.577097742475029
2006-12-20,3.5836878894876745
2006-12-21,3.5924101328186873
2006-12-22,3.5979872406499736
2006-12-27,3.606597116926979
2006-12-28,3.59977265617637
2006-12-29,3.6178472564776767
2007-01-02,3.6202383786759342
2007-01-03,3.619616357261823
2007-01-04,3.6304248211172245
2007-01-05,3.6384502412172894
2007-01-08,3.641851083748293
2007-01-09,3.6525617735348286
2007-01-10,3.667772166470035
2007-01-11,3.6514135128016907
2007-01-12,3.6572395911017863
2007-01-15,3.658711859076801
2007-01-16,3.6578702219599317
2007-01-17,3.65752694310447
2007-01-18,3.668589610063623
2007-01-19,3.675003827435878
2007-01-22,3.673680348523205
2007-01-23,3.678534408532638
2007-01-24,3.6778468827089132
2007-01-25,3.6848744767536186
2007-01-26,3.6928182001612355
2007-01-29,3.6926160727601793
2007-01-30,3.68890072141957
2007-01-31,3.6914416749151227
2007-02-01,3.690987104644455
2007-02-02,3.680847476772229
2007-02-05,3.6794456100220447
2007-02-06,3.689565206366547
2007-02-07,3.7001538554007594
2007-02-08,3.7132738416103446
2007-02-09,3.716521259542607
2007-02-12,3.7133819036408036
2007-02-13,3.7174460911644114
2007-02-14,3.7225322672825016
2007-02-15,3.7230068036373054
2007-02-16,3.724137619735923
2007-02-19,3.734240912852185
2007-02-20,3.735551074910773
2007-02-21,3.736092474885155
2007-02-22,3.742477980079485
2007-02-23,3.7493735267939425
2007-02-26,3.748327479459528
2007-02-27,3.741657828363304
2007-02-28,3.7216431512889647
2007-03-01,3.7180744127826157
2007-03-02,3.7158892036032563
2007-03-05,3.711047467334166
2007-03-06,3.727839250608647
2007-03-07,3.7354176547176485
2007-03-08,3.760435267898195
2007-03-09,3.779453698241403
2007-03-12,3.779973620668025
2007-03-13,3.785026661797924
2007-03-14,3.7780439235643715
2007-03-15,3.7856927854911864
2007-03-16,3.7813467383388693
2007-03-19,3.790837671674746
2007-03-20,3.79149390479745
2007-03-21,3.794308097218312
2007-03-22,3.7939785564412967
2007-03-23,3.8006386138439527
2007-03-26,3.803807917450016
2007-03-27,3.810196051929719
2007-03-28,3.8115996507318424
2007-03-29,3.82407249590271
2007-03-30,3.8291516303756747
2007-04-02,3.8382408412215145
2007-04-03,3.8416801507752214
2007-04-04,3.8426931361644896
2007-04-05,3.847778230192364
2007-04-10,3.8606694092442817
2007-04-11,3.8721410972830936
2007-04-12,3.8782080165325175
2007-04-13,3.8819298789659955
2007-04-16,3.8800598456813082
2007-04-17,3.8791672347480555
2007-04-18,3.881248725950305
2007-04-19,3.889152698522535
2007-04-20,3.893767279408124
2007-04-23,3.892746843475864
2007-04-24,3.893982424019422
2007-04-25,3.8938876992258677
2007-04-26,3.904002660059467
2007-04-27,3.912616069962701
2007-04-30,3.9140611914058545
2007-05-02,3.92146236111217
2007-05-03,3.9212068454077182
2007-05-04,3.9164976721955505
2007-05-07,3.925462668222393
2007-05-08,3.923217298297606
2007-05-09,3.927995557788334
2007-05-10,3.934443895662118
2007-05-11,3.9316902300548975
2007-05-14,3.940791770463747
2007-05-15,3.9520323593339
2007-05-16,3.963374512702138
2007-05-17,3.970145088500847
2007-05-18,3.97426201620105
2007-05-21,3.9798045112555696
2007-05-22,3.982259214506283
2007-05-23,3.992289742390902
2007-05-24,3.9936417568829023
2007-05-25,3.9999727443927826
2007-05-28,4.0186948474764845
2007-05-29,4.009619150499535
2007-05-30,4.010565782824458
2007-05-31,4.020344957724104
2007-06-01,4.0265865789939825
2007-06-04,4.024660825557586
2007-06-05,4.0265275269829965
2007-06-06,4.023095214165297
2007-06-07,4.03734030810217
2007-06-08,4.0354051178295824
2007-06-11,4.034235554120915
2007-06-12,4.044775138247618
2007-06-13,4.045385149303347
2007-06-14,4.042425144145341
2007-06-15,4.049773398787191
2007-06-18,4.049485963234421
2007-06-19,4.0424424805414985
2007-06-20,4.04979111095726
2007-06-21,4.051723725128214
2007-06-22,4.0559716756566955
2007-06-25,4.051187616180022
2007-06-26,4.058098613368882
2007-06-27,4.054166356294007
2007-06-28,4.063812675070413
2007-06-29,4.073484915713816
2007-07-02,4.074128980721038
2007-07-03,4.0689242736510245
2007-07-04,4.077459520277474
2007-07-05,4.091579673321649
2007-07-06,4.099006762971506
2007-07-09,4.0953059638305955
2007-07-10,4.087532391233664
2007-07-11,4.091482025020246
2007-07-12,4.099273349080831
2007-07-13,4.109181475938595
2007-07-16,4.100209842733714
2007-07-17,4.102536873953394
2007-07-18,4.101666907669356
2007-07-19,4.117915186389663
2007-07-20,4.117130162884349
2007-07-23,4.117066849045757
2007-07-24,4.123829748092057
2007-07-25,4.123846758145312
2007-07-26,4.110652815090792
2007-07-27,4.10395387587834
2007-07-30,4.096929457253442
2007-07-31,4.110860645932996
2007-08-01,4.099395958883629
2007-08-02,4.1194312413562795
2007-08-03,4.114036081305135
2007-08-06,4.0956051355989285
2007-08-07,4.107630783825049
2007-08-08,4.130561446437168
2007-08-09,4.108544760161199
2007-08-10,4.057886095925239
2007-08-13,4.068966989586885
2007-08-14,4.073732578113833
2007-08-15,4.033890306398052
2007-08-16,3.992402382923646
2007-08-17,3.9377282295036333
2007-08-20,3.9393935778992
2007-08-21,3.8864858470607895
2007-08-22,3.9470917210284986
2007-08-23,4.003875504621058
2007-08-24,3.964151239514246
2007-08-27,3.980187113787654
2007-08-28,3.946242192497834
2007-08-29,3.9273597402738933
2007-08-30,3.93640133182885
2007-08-31,3.9325702257347803
2007-09-03,3.9410179704124104
2007-09-04,3.946455946285336
2007-09-05,3.959097072438285
2007-09-06,3.9426942587100062
2007-09-07,3.9218221059618608
2007-09-10,3.909606354028598
2007-09-11,3.9237228598993354
2007-09-12,3.9250699007848415
2007-09-13,3.924051783207175
2007-09-14,3.9077124407837234
2007-09-17,3.9198591290826146
2007-09-18,3.9322600690264617
2007-09-19,3.9063782951715176
2007-09-20,3.9081542472595885
2007-09-21,3.9024447386627203
2007-09-24,3.9051676171581544
2007-09-25,3.9078115539139007
2007-09-26,3.9115575152851045
2007-09-27,3.904028876737719
2007-09-28,3.8875680286611782
2007-10-01,3.875475671457228
2007-10-02,3.8807674606884084
2007-10-03,3.853500177673272
2007-10-04,3.857760183048396
2007-10-05,3.8678326763341917
2007-10-08,3.8665525631148623
2007-10-09,3.8682356172584895
2007-10-10,3.8759168024424335
2007-10-11,3.8705254532382405
2007-10-12,3.9152304924235932
2007-10-15,3.9371045533081634
2007-10-16,3.9300004462370457
2007-10-17,3.9358175134721014
2007-10-18,3.932439862152217
2007-10-19,3.907097239449995
2007-10-22,3.8965087672946748
2007-10-23,3.900337574613711
2007-10-24,3.888649017263752
2007-10-25,3.8864723286303704
2007-10-26,3.896514119396141
2007-10-29,3.903048698017817
2007-10-30,3.9276285886400637
2007-10-31,3.9423540208854657
2007-11-01,3.9402973651913378
2007-11-02,3.92783468551253
2007-11-05,3.921460023140254
2007-11-06,3.922618816622948
2007-11-07,3.9175734703530076
2007-11-08,3.8997033844974314
2007-11-09,3.891399299978007
2007-11-12,3.9045224225820663
2007-11-13,3.9052214246882335
2007-11-14,3.907397914894262
2007-11-15,3.910295660845316
2007-11-16,3.901404764352962
2007-11-19,3.899190934954746
2007-11-20,3.891096051171541
2007-11-21,3.88763417013439
2007-11-22,3.8887546132181563
2007-11-23,3.875936702925722
2007-11-26,3.869381194780635
2007-11-27,3.8610475298223776
2007-11-28,3.8703298558142802
2007-11-29,3.869918564010547
2007-11-30,3.8758983658306683
2007-12-03,3.8713910901594377
2007-12-04,3.8734582860175917
2007-12-05,3.8645481014734857
2007-12-06,3.887115329415728
2007-12-07,3.89666841645763
2007-12-10,3.912204350219156
2007-12-11,3.91618694915699
2007-12-12,3.9078542143532324
2007-12-13,3.9176675205363494
2007-12-14,3.91722054628402
2007-12-17,3.903668974593793
2007-12-18,3.875912549516972
2007-12-19,3.874704373702694
2007-12-20,3.8726642873369395
2007-12-21,3.879835912735215
2007-12-24,3.8985460723667598
2007-12-27,3.883579739696415
2007-12-28,3.892616770059277
2007-12-31,3.9157962008898113
2008-01-02,3.86851946824495
2008-01-03,3.8554417744157914
2008-01-04,3.8616658408016464
2008-01-07,3.8822006694262763
2008-01-08,3.8872285014340697
2008-01-09,3.8819040684546886
2008-01-10,3.8872986750774103
2008-01-11,3.884523578766329
2008-01-14,3.8550493400082253
2008-01-15,3.8372635089980025
2008-01-16,3.8138135757380187
2008-01-17,3.808616095762983
2008-01-18,3.7985454345480654
2008-01-21,3.7404494095134204
2008-01-22,3.669282804168209
2008-01-23,3.6079436801345417
2008-01-24,3.723268046717746
2008-01-25,3.757981576860326
2008-01-28,3.7258401550330253
2008-01-29,3.7445040125313667
2008-01-30,3.734027829145695
2008-01-31,3.684158388726706
2008-02-01,3.6994147631315286
2008-02-04,3.715512756651277
2008-02-05,3.6733578014890225
2008-02-06,3.656179872995466
2008-02-07,3.605699534366905
2008-02-08,3.56221318254154
2008-02-11,3.59435257564562
2008-02-12,3.6102971261197663
2008-02-13,3.63688567466303
2008-02-14,3.6455577704666946
2008-02-15,3.640843598246464
2008-02-18,3.669766640349239
2008-02-19,3.678521494019603
2008-02-20,3.7029788241111685
2008-02-21,3.740158023221987
2008-02-22,3.7289461616862085
2008-02-25,3.7202575137327405
2008-02-26,3.7430686697295044
2008-02-27,3.7280989641766
2008-02-28,3.7184443309918356
2008-02-29,3.676288056502061
2008-03-03,3.682604792666068
2008-03-04,3.7152365501576337
2008-03-05,3.7287308887904387
2008-03-06,3.7609986312788957
2008-03-07,3.738805666809781
2008-03-10,3.735457508475156
2008-03-11,3.7894076775097525
2008-03-12,3.778013774516205
2008-03-13,3.751071530379292
2008-03-14,3.747981711164921
2008-03-17,3.6865389459181785
2008-03-18,3.7081697040809276
2008-03-19,3.734718521306099
2008-03-20,3.7628705066833916
2008-03-25,3.822778284230352
2008-03-26,3.827966103873513
2008-03-27,3.799729901601569
2008-03-28,3.8056625248634286
2008-03-31,3.806362042119932
2008-04-01,3.8233726984478866
2008-04-02,3.842095911058266
2008-04-03,3.8297592745592386
2008-04-04,3.816187120082812
2008-04-07,3.823954527712779
2008-04-08,3.8314939581794643
2008-04-09,3.8288607583503262
2008-04-10,3.8270755599861954
2008-04-11,3.8166487214473714
2008-04-14,3.839630899615652
2008-04-15,3.8596044502175
2008-04-16,3.8698096934425426
2008-04-17,3.8654592373394774
2008-04-18,3.9124410896245756
2008-04-21,3.9046393554999272
2008-04-22,3.9868053996994877
2008-04-23,3.946386254083198
2008-04-24,3.942541911323314
2008-04-25,3.944243944543916
2008-04-28,3.9368580134502547
2008-04-29,3.9208901609241615
2008-04-30,3.9262159520240005
2008-05-02,3.9234594822315643
2008-05-05,3.9349264077757384
2008-05-06,3.906110001650278
2008-05-07,3.911176645016924
2008-05-08,3.9111275266398073
2008-05-09,3.9056765543269427
2008-05-12,3.913715787181629
2008-05-13,3.9400906310148294
2008-05-14,3.954021776839625
2008-05-15,3.987243786849806
2008-05-16,3.987246873024781
2008-05-19,3.985522778266039
2008-05-20,4.000515875736878
2008-05-21,4.042976936940672
2008-05-22,4.067626815925069
2008-05-23,4.088411484427934
2008-05-26,4.0882547310707835
2008-05-27,4.074322742585244
2008-05-28,4.072751674028431
2008-05-29,4.1014265671574215
2008-05-30,4.110175531121692
2008-06-02,4.093324392679243
2008-06-03,4.128463523405777
2008-06-04,4.107898984858711
2008-06-05,4.2938004387439435
2008-06-06,4.264146338528607
2008-06-09,4.270083589764764
2008-06-10,4.257183481744372
2008-06-11,4.248205781445481
2008-06-12,4.250121027595552
2008-06-13,4.26284382334412
2008-06-16,4.308906605286225
2008-06-17,4.298797464363889
2008-06-18,4.289932574010592
2008-06-19,4.298478817113294
2008-06-20,4.299795958986416
2008-06-23,4.2898367541073705
2008-06-24,4.2876243956327675
2008-06-25,4.300491744169609
2008-06-26,4.308550348810075
2008-06-27,4.291443415432776
2008-06-30,4.323136513651646
2008-07-01,4.333040780149902
2008-07-02,4.350060691160535
2008-07-03,4.310976425872618
2008-07-04,4.300593460443593
2008-07-07,4.281391770436612
2008-07-08,4.279357107537652
2008-07-09,4.288679293608868
2008-07-10,4.285698464898891
2008-07-11,4.274716538320157
2008-07-14,4.253135404214734
2008-07-15,4.240903829509131
2008-07-16,4.24009604657135
2008-07-17,4.248641699893993
2008-07-18,4.278493870803596
2008-07-21,4.314829196571333
2008-07-22,4.303772554403812
2008-07-23,4.310429759845255
2008-07-24,4.288229913117965
2008-07-25,4.293010969801541
2008-07-28,4.292512092051778
2008-07-29,4.287054086410683
2008-07-30,4.262943713686106
2008-07-31,4.265674919810673
2008-08-01,4.270996854190528
2008-08-04,4.275889286770741
2008-08-05,4.27482442386887
2008-08-06,4.272428842999923
2008-08-07,4.2312811059073265
2008-08-08,4.2228586984646945
2008-08-11,4.240084351535861
2008-08-12,4.232550433552264
2008-08-13,4.229446526079675
2008-08-14,4.230540699402417
2008-08-15,4.2284862929123985
2008-08-18,4.224607697712784
2008-08-19,4.216632577425801
2008-08-20,4.225970399745002
2008-08-21,4.234752217741272
2008-08-22,4.2324080507251445
2008-08-25,4.228380430410652
2008-08-26,4.213407754406706
2008-08-27,4.223407497379974
2008-08-28,4.227124245613711
2008-08-29,4.225928787226807
2008-09-01,4.218892152713979
2008-09-02,4.232067670487143
2008-09-03,4.238632512278607
2008-09-04,4.247337175965506
2008-09-05,4.240115712905979
2008-09-08,4.248600347555528
2008-09-09,4.248093741599203
2008-09-10,4.246832281115217
2008-09-11,4.2408423114921385
2008-09-12,4.239930154828797
2008-09-15,4.174844329393581
2008-09-16,4.11309002952773
2008-09-17,4.1579700648952596
2008-09-18,4.135266906216555
2008-09-19,4.199028984213534
2008-09-22,4.189089434603722
2008-09-23,4.157085851541511
2008-09-24,4.092053595870043
2008-09-25,4.02729356999592
2008-09-26,3.92718422672405
2008-09-29,3.798440074630893
2008-09-30,3.673655191016185
2008-10-01,3.6940814157039057
2008-10-02,3.6650496293623984
2008-10-03,3.56016147304178
2008-10-06,3.5140804333583637
2008-10-07,3.3336493919014756
2008-10-08,3.2833337170143873
2008-10-09,3.2455070364095846
2008-10-10,3.1222199118109444
2008-10-13,3.1017559066695286
2008-10-14,3.047452241906604
2008-10-15,3.102699077150193
2008-10-16,3.000302183825495
2008-10-17,2.8894424950008153
2008-10-20,2.860398260574396
2008-10-21,2.911200688206924
2008-10-22,2.868492067862068
2008-10-23,2.8986948888727393
2008-10-24,2.83952862281613
2008-10-27,2.8185406622919373
2008-10-28,2.832288180233842
2008-10-29,2.7884798013860053
2008-10-30,2.7731880145080163
2008-10-31,2.725301751790173
2008-11-03,2.785733875684018
2008-11-04,2.7625760659211847
2008-11-05,2.7550015193509383
2008-11-06,2.6535732402593477
2008-11-07,2.635828563491265
2008-11-10,2.643568292324895
2008-11-11,2.563321771736532
2008-11-12,2.4177562837130813
2008-11-13,2.369096817253362
2008-11-14,2.3869377340294493
2008-11-17,2.318702879985659
2008-11-18,2.2867523006237844
2008-11-19,2.254508876220888
2008-11-20,2.14226330679059
2008-11-21,2.1310379361753027
2008-11-24,2.1716100902562276
2008-11-25,2.2050950125240485
2008-11-26,2.198436454565784
2008-11-27,2.1785112748283932
2008-11-28,2.1522087027395633
2008-12-01,2.1560256965301474
2008-12-02,2.127678172004459
2008-12-03,2.047404366922364
2008-12-04,2.025056278216953
2008-12-05,2.079522661744577
2008-12-08,2.1058188083268465
2008-12-09,2.138225949047522
2008-12-10,2.0946421039473235
2008-12-11,2.1002512366440476
2008-12-12,2.09893623421101
2008-12-15,2.0919634615224556
2008-12-16,2.045966083377624
2008-12-17,1.9281493321777496
2008-12-18,1.8885289609005547
2008-12-19,1.835149075705694
2008-12-22,1.7824355853502105
2008-12-23,1.7473385717218077
2008-12-24,1.7631592928961295
2008-12-29,1.7203103534112123
2008-12-30,1.7656454976613354
2008-12-31,1.79447200021135
2009-01-02,1.7459178936774038
2009-01-05,1.7414994467049851
2009-01-06,1.7090099430687509
2009-01-07,1.6141292471433912
2009-01-08,1.6022423420072909
2009-01-09,1.488199397321409
2009-01-12,1.4621197171183056
2009-01-13,1.4234229643313276
2009-01-14,1.4338217623136902
2009-01-15,1.3800752398997924
2009-01-16,1.3983145174889697
2009-01-19,1.3587485852281067
2009-01-20,1.2982767568546407
2009-01-21,1.245293646560829
2009-01-22,1.1980413567748376
2009-01-23,1.2022874325597508
2009-01-26,1.2660245654031077
2009-01-27,1.292922515403952
2009-01-28,1.2300191313751316
2009-01-29,1.2398111834280616
2009-01-30,1.227331802144365
2009-02-02,1.2530158407229846
2009-02-03,1.213047578843813
2009-02-04,1.2182522080683829
2009-02-05,1.1420161547437013
2009-02-06,1.107664098910595
2009-02-09,1.0925586111191188
2009-02-10,1.1128212597568519
2009-02-11,1.1041931635377646
2009-02-12,1.0724455732492189
2009-02-13,1.0809115170182728
2009-02-16,1.0530142000376168
2009-02-17,1.0299374781564539
2009-02-18,1.0474255816386886
2009-02-19,1.0466325276583908
2009-02-20,1.0290778879256854
2009-02-23,1.0244020320679816
2009-02-24,1.0024580998828234
2009-02-25,0.9808372314634808
2009-02-26,0.9535595597040009
2009-02-27,0.9297105444900557
2009-03-02,0.9273042819599064
2009-03-03,0.8751548484547804
2009-03-04,0.8583375361353058
2009-03-05,0.8412899106405718
2009-03-06,0.8383619516237157
2009-03-09,0.8539493076432938
2009-03-10,0.8359305471763987
2009-03-11,0.8769619739908459
2009-03-12,0.8601237175786689
2009-03-13,0.8453749396366161
2009-03-16,0.8274592120659552
2009-03-17,0.8192632176310488
2009-03-18,0.7997984171866914
2009-03-19,0.7977124377718336
2009-03-20,0.7899521459874046
2009-03-23,0.8225276078549266
2009-03-24,0.8515583469379264
2009-03-25,0.8575392343186883
2009-03-26,0.8602186609392057
2009-03-27,0.8334006696229332
2009-03-30,0.8295133848718079
2009-03-31,0.8230958262413943
2009-04-01,0.7828994275432861
2009-04-02,0.8208803763778689
2009-04-03,0.8377943094437477
2009-04-06,0.8008223857264107
2009-04-07,0.7868874034937576
2009-04-08,0.7894577066279846
2009-04-09,0.8167420104748333
2009-04-14,0.8118983504683621
2009-04-15,0.8178371054515094
2009-04-16,0.8476136061627649
2009-04-17,0.8987570904309724
2009-04-20,0.9174979879595945
2009-04-21,0.9034050948813764
2009-04-22,0.9039822893190127
2009-04-23,0.8794077301425682
2009-04-24,0.8521071046067399
2009-04-27,0.8472376115325991
2009-04-28,0.8298751922917847
2009-04-29,0.8156932946699285
2009-04-30,0.8194365552957734
2009-05-04,0.7968592555267373
2009-05-05,0.7934466647344851
2009-05-06,0.7800086268860162
2009-05-07,0.7508858875021575
2009-05-08,0.7429475784444497
2009-05-11,0.73943624625675
2009-05-12,0.7483921410917289
2009-05-13,0.7155193703755731
2009-05-14,0.7162711135811217
2009-05-15,0.7022064816721686
2009-05-18,0.6860318465887827
2009-05-19,0.7462220078968903
2009-05-20,0.7986723958495546
2009-05-21,0.8000050574650258
2009-05-22,0.8129181091011276
2009-05-25,0.8260479615425643
2009-05-26,0.8282522433170587
2009-05-27,0.837127618201421
2009-05-28,0.8311333190127823
2009-05-29,0.7987329227517165
2009-06-01,0.8012338702011397
2009-06-02,0.7996544155168431
2009-06-03,0.7979760042699301
2009-06-04,0.8522585880503347
2009-06-05,0.8852849844848347
2009-06-08,0.9024605343914884
2009-06-09,0.8888225425480093
2009-06-10,0.8655709282177381
2009-06-11,0.8275277638037273
2009-06-12,0.7986848253041519
2009-06-15,0.790302420759337
2009-06-16,0.7938622371073676
2009-06-17,0.7788119892867158
2009-06-18,0.7459360079063161
2009-06-19,0.7543153451594061
2009-06-22,0.7369102734961452
2009-06-23,0.734667155578001
2009-06-24,0.6583918216215957
2009-06-25,0.64109152805866
2009-06-26,0.6578216222658294
2009-06-29,0.7007001973230814
2009-06-30,0.669100328425593
2009-07-01,0.6760867915238953
2009-07-02,0.5972179243314644
2009-07-03,0.5849158264777164
2009-07-06,0.5762996790682894
2009-07-07,0.5553767559712224
2009-07-08,0.535412097500965
2009-07-09,0.5283317237574829
2009-07-10,0.5120974972907877
2009-07-13,0.5175239476202576
2009-07-14,0.506914987149753
2009-07-15,0.5017949036456241
2009-07-16,0.4711407838131165
2009-07-17,0.4564287012182868
2009-07-20,0.4566807279263658
2009-07-21,0.45468470598703037
2009-07-22,0.4575818403550297
2009-07-23,0.45851651433468665
2009-07-24,0.4703066074594294
2009-07-27,0.4669919937922028
2009-07-28,0.475594141628794
2009-07-29,0.4677903167201435
2009-07-30,0.4660271332432785
2009-07-31,0.46234058094821784
2009-08-03,0.4654089310956224
2009-08-04,0.4769727194876958
2009-08-05,0.49960106103496216
2009-08-06,0.4915498325492307
2009-08-07,0.4816080357441581
2009-08-10,0.48065541026965675
2009-08-11,0.4724888127878968
2009-08-12,0.45889811247916534
2009-08-13,0.44103299136923857
2009-08-14,0.43414587676041405
2009-08-17,0.43679457845917136
2009-08-18,0.4464919721133036
2009-08-19,0.4413395918045879
2009-08-20,0.4411728417420724
2009-08-21,0.44128940205052913
2009-08-24,0.44107254734364254
2009-08-25,0.4350033622252445
2009-08-26,0.4305789977470913
2009-08-27,0.41659404658536836
2009-08-28,0.4019962338431129
2009-08-31,0.4059297292578563
2009-09-01,0.4073243689772472
2009-09-02,0.41460241887849114
2009-09-03,0.37995051308722316
2009-09-04,0.3820275493898133
2009-09-07,0.359052215882413
2009-09-08,0.35926365378709524
2009-09-09,0.374202396824157
2009-09-10,0.3933950023574916
2009-09-11,0.3980384332781718
2009-09-14,0.40411179609792547
2009-09-15,0.4074814720491544
2009-09-16,0.42222816605392055
2009-09-17,0.45626756244267885
2009-09-18,0.44750345627241306
2009-09-21,0.43786338896626875
2009-09-22,0.4161761994183629
2009-09-23,0.4087056615685334
2009-09-24,0.41516037074424994
2009-09-25,0.43125771619379083
2009-09-28,0.4319624935313878
2009-09-29,0.43748585154113406
2009-09-30,0.44601296277402946
2009-10-01,0.4604636750516645
2009-10-02,0.4506878071843451
2009-10-05,0.4527969550558726
2009-10-06,0.4655553643557714
2009-10-07,0.5059271527920832
2009-10-08,0.4980135327619042
2009-10-09,0.5403203986617293
2009-10-12,0.5283032708633977
2009-10-13,0.5215655500361738
2009-10-14,0.5432095972622518
2009-10-15,0.5560207923389144
2009-10-16,0.5582316068292151
2009-10-19,0.5517826019541389
2009-10-20,0.5645815519854549
2009-10-21,0.5480119971895802
2009-10-22,0.5419771660646451
2009-10-23,0.5425665481092112
2009-10-26,0.5289756996796485
2009-10-27,0.5195716981619185
2009-10-28,0.5070223231163238
2009-10-29,0.5411012006783226
2009-10-30,0.5418729035212829
2009-11-02,0.5428719068963626
2009-11-03,0.5353420814439527
2009-11-04,0.5373329773340642
2009-11-05,0.5209299671283375
2009-11-06,0.5039342806151264
2009-11-09,0.5029273347504892
2009-11-10,0.5074494880971313
2009-11-11,0.5058434071225448
2009-11-12,0.5041949102808744
2009-11-13,0.5105164266388161
2009-11-16,0.5132341915049707
2009-11-17,0.527282357582014
2009-11-18,0.5285788697053153
2009-11-19,0.5280661437204359
2009-11-20,0.5369356268739927
2009-11-23,0.5495848755895016
2009-11-24,0.5611393860356103
2009-11-25,0.5725395323386471
2009-11-26,0.5639309545523783
2009-11-27,0.5480366665160429
2009-11-30,0.5673618809580152
2009-12-01,0.5720692162439489
2009-12-02,0.5664845394624249
2009-12-03,0.5260579494733482
2009-12-04,0.5090222613489473
2009-12-07,0.5032381189374442
2009-12-08,0.5025857003134062
2009-12-09,0.5098321560232106
2009-12-10,0.5364522366502649
2009-12-11,0.5372137226697964
2009-12-14,0.5204484380584862
2009-12-15,0.538475507681287
2009-12-16,0.5091658640961274
2009-12-17,0.5047475516886388
2009-12-18,0.4975714880826965
2009-12-21,0.5057843885232812
2009-12-22,0.5104166818552538
2009-12-23,0.5084562270859686
2009-12-24,0.5163335480619737
2009-12-28,0.5090729506695701
2009-12-29,0.5049227915287453
2009-12-30,0.5136584329234571
2009-12-31,0.519369671096438
2010-01-04,0.4997264631598506
2010-01-05,0.47367638686205504
2010-01-06,0.4541638886687185
2010-01-07,0.4246343861087508
2010-01-08,0.4298569081227035
2010-01-11,0.4146996345462498
2010-01-12,0.41351884621755663
2010-01-13,0.4189577463026254
2010-01-14,0.41344228816351325
2010-01-15,0.3984463465643366
2010-01-18,0.3988158720521149
2010-01-19,0.40647089349129784
2010-01-20,0.4155458212094625
2010-01-21,0.4158603644687343
2010-01-22,0.4136095628394675
2010-01-25,0.4088888307733691
2010-01-26,0.4209472646898555
2010-01-27,0.43516251673810663
2010-01-28,0.4428480050933905
2010-01-29,0.5021558449201262
2010-02-01,0.4840427838750617
2010-02-02,0.4668952057029372
2010-02-03,0.4723310619192225
2010-02-04,0.5003757313189917
2010-02-05,0.5209164872627188
2010-02-08,0.4974595586049013
2010-02-09,0.49365140072233105
2010-02-10,0.47814615203702704
2010-02-11,0.47158782924503917
2010-02-12,0.45315331216782817
2010-02-15,0.44404246480221843
2010-02-16,0.44804753222587923
2010-02-17,0.4535673745703196
2010-02-18,0.45463894982817243
2010-02-19,0.4631504303810541
2010-02-22,0.4566403507744253
2010-02-23,0.45263778500538027
2010-02-24,0.4385983473614895
2010-02-25,0.4383510283064421
2010-02-26,0.43892273519480574
2010-03-01,0.44126405079032793
2010-03-02,0.4407229488913916
2010-03-03,0.44458597475922274
2010-03-04,0.43986445799280866
2010-03-05,0.43073168466506834
2010-03-08,0.42933433842720814
2010-03-09,0.42958922674142197
2010-03-10,0.42814813031832505
2010-03-11,0.4401915151069141
2010-03-12,0.4527695846422652
2010-03-15,0.44167736319281603
2010-03-16,0.43972171439280905
2010-03-17,0.4337643514152994
2010-03-18,0.4451663383772345
2010-03-19,0.4477827101420759
2010-03-22,0.4470514100465477
2010-03-23,0.44051430214758464
2010-03-24,0.4464259950114833
2010-03-25,0.44459879901735044
2010-03-26,0.4471040844850688
2010-03-29,0.44718085509358785
2010-03-30,0.4569154160939948
2010-03-31,0.46885006330996565
2010-04-01,0.48756260454694744
2010-04-06,0.4929952593978062
2010-04-07,0.47869656623771933
2010-04-08,0.4835430356155729
2010-04-09,0.49021941321089363
2010-04-12,0.49616625458005426
2010-04-13,0.4922461580120284
2010-04-14,0.48158233678912227
2010-04-15,0.49708875424246274
2010-04-16,0.4849127021635088
2010-04-19,0.4797592215615716
2010-04-20,0.4812342029059091
2010-04-21,0.4799279555222973
2010-04-22,0.495039907635751
2010-04-23,0.4854873861541679
2010-04-26,0.4951894733811849
2010-04-27,0.585474427168059
2010-04-28,0.5783183335563196
2010-04-29,0.5349430263940601
2010-04-30,0.5467594369019866
2010-05-03,0.5311160455272462
2010-05-04,0.5917312987587795
2010-05-05,0.5820770105871134
2010-05-06,0.6023856663196787
2010-05-07,0.6412068158959369
2010-05-10,0.5345280559327452
2010-05-11,0.5430806078240072
2010-05-12,0.5006245372400213
2010-05-13,0.5030165922887899
2010-05-14,0.5236465913312998
2010-05-17,0.5289693877236488
2010-05-18,0.5266955610005599
2010-05-19,0.5005817994898925
2010-05-20,0.5379330855823431
2010-05-21,0.5466031839750791
2010-05-24,0.5496365855464965
2010-05-25,0.5862515453033001
2010-05-26,0.614964853754651
2010-05-27,0.6245676945560608
2010-05-28,0.5880603353923308
2010-05-31,0.5834686616503488
2010-06-01,0.6103117548551231
2010-06-02,0.6129533419277343
2010-06-03,0.604964634687711
2010-06-04,0.6040740191230032
2010-06-07,0.5908244413967625
2010-06-08,0.6176439377318778
2010-06-09,0.6317755744733266
2010-06-10,0.6136498047471595
2010-06-11,0.5756899139076983
2010-06-14,0.5673303036933129
2010-06-15,0.5565432312337858
2010-06-16,0.5654678887460689
2010-06-17,0.5729411663985762
2010-06-18,0.5790733032495401
2010-06-21,0.6048784556935352
2010-06-22,0.6059372072898894
2010-06-23,0.6211244171668298
2010-06-24,0.6391851999522727
2010-06-25,0.6752254106326654
2010-06-28,0.6816113542666611
2010-06-29,0.6817148863145053
2010-06-30,0.7097492276388498
2010-07-01,0.7265368817898727
2010-07-02,0.7184980309823376
2010-07-05,0.7078064266709392
2010-07-06,0.7063359627241859
2010-07-07,0.7292283740051011
2010-07-08,0.7675875254712217
2010-07-09,0.7584197855062739
2010-07-12,0.7103263510212228
2010-07-13,0.7223004304777534
2010-07-14,0.7265111788314711
2010-07-15,0.7402512776273769
2010-07-16,0.7578207576270783
2010-07-19,0.7777620921970805
2010-07-20,0.7468093979414239
2010-07-21,0.7490820794473488
2010-07-22,0.7525067463363906
2010-07-23,0.7367520530162175
2010-07-26,0.7402051877776296
2010-07-27,0.7458852781427526
2010-07-28,0.7318929812311394
2010-07-29,0.7356932049631919
2010-07-30,0.741071332754838
2010-08-02,0.7194328326533769
2010-08-03,0.7025337495688585
2010-08-04,0.7122715100915449
2010-08-05,0.7291797116787674
2010-08-06,0.7204959155598741
2010-08-09,0.7013345825644497
2010-08-10,0.6812506035860015
2010-08-11,0.6873669442771237
2010-08-12,0.6595000345224198
2010-08-13,0.6680347252396631
2010-08-16,0.666617553241495
2010-08-17,0.6744713191571703
2010-08-18,0.6696942425204735
2010-08-19,0.6747694214984475
2010-08-20,0.6388855391989857
2010-08-23,0.6156087953895114
2010-08-24,0.6280648082566209
2010-08-25,0.6505942679859601
2010-08-26,0.6690751849888544
2010-08-27,0.6826456502084958
2010-08-30,0.6787899130348931
2010-08-31,0.692052179602861
2010-09-01,0.6799499852396467
2010-09-02,0.6828184186738742
2010-09-03,0.6938672329518514
2010-09-06,0.6835856683809713
2010-09-07,0.7349064323668152
2010-09-08,0.7400075778997588
2010-09-09,0.75261190040974
2010-09-10,0.741267559173292
2010-09-13,0.7336902961800247
2010-09-14,0.7327103652551942
2010-09-15,0.7382908380197226
2010-09-16,0.7772532665338079
2010-09-17,0.7733718989205578
2010-09-20,0.8050440971119399
2010-09-21,0.7916380113146708
2010-09-22,0.7693432926234973
2010-09-23,0.7830121377358803
2010-09-24,0.7843418639064488
2010-09-27,0.8230252219548461
2010-09-28,0.8436874832576962
2010-09-29,0.8470824189022397
2010-09-30,0.886097140650433
2010-10-01,0.941647759277302
2010-10-04,0.8836056676115525
2010-10-05,0.8860741268323462
2010-10-06,0.8948915448077419
2010-10-07,0.9161157345860689
2010-10-08,0.9083358100242056
2010-10-11,0.8734539464985551
2010-10-12,0.8626887250351947
2010-10-13,0.8681137528524192
2010-10-14,0.8884427888920352
2010-10-15,0.9172588158397819
2010-10-18,0.9389562009677211
2010-10-19,0.9523783811791473
2010-10-20,0.9789275850418057
2010-10-21,0.9905034648245276
2010-10-22,0.9807216847408694
2010-10-25,0.9771022076978073
2010-10-26,1.0325068852675998
2010-10-27,1.0342613563459326
2010-10-28,1.028998535790969
2010-10-29,1.0107099499681649
2010-11-01,1.0336278155504328
2010-11-02,1.0421757952233495
2010-11-03,1.0244677304149596
2010-11-04,1.0578301480469294
2010-11-05,1.0495003426002574
2010-11-08,1.0772696790477982
2010-11-09,1.065335756928334
2010-11-10,1.0826544084622485
2010-11-11,1.0989050371379236
2010-11-12,1.0512006955682347
2010-11-15,1.0527845112300294
2010-11-16,1.104886476552327
2010-11-17,1.0843880935328525
2010-11-18,1.1057828080261785
2010-11-19,1.0707107870723167
2010-11-22,1.0525325202967877
2010-11-23,1.078526486664908
2010-11-24,1.0943166009266967
2010-11-25,1.1516934056029045
2010-11-26,1.1243680769856912
2010-11-29,1.2043217283479637
2010-11-30,1.4167282586313479
2010-12-01,1.3400410909680023
2010-12-02,1.1903058072641213
2010-12-03,1.1956201626391518
2010-12-06,1.1698026504525059
2010-12-07,1.1341771612600744
2010-12-08,1.1239322765188393
2010-12-09,1.1520792502271795
2010-12-10,1.182758375682907
2010-12-13,1.1804450998688791
2010-12-14,1.1674346877561645
2010-12-15,1.1506292085264374
2010-12-16,1.1603459296453251
2010-12-17,1.0995590432323286
2010-12-20,1.1673716294587035
2010-12-21,1.1576570187242816
2010-12-22,1.1088827603122897
2010-12-23,1.1097089488313365
2010-12-24,1.1159587272485583
2010-12-27,1.0818953125730906
2010-12-28,1.069615321451195
2010-12-29,1.110937129953338
2010-12-30,1.1108704119866333
2010-12-31,1.1167889387717338
2011-01-03,1.128512151638057
2011-01-04,1.0664514176955713
2011-01-05,1.0065554883317043
2011-01-06,1.0272335318520953
2011-01-07,1.0481159294706366
2011-01-10,1.0355630719305489
2011-01-11,1.021499989606297
2011-01-12,0.9809596609852993
2011-01-13,0.9906423395591623
2011-01-14,1.0034646107902505
2011-01-17,1.0412731838616969
2011-01-18,1.0979376499469917
2011-01-19,1.1039990670946445
2011-01-20,1.1287004000204126
2011-01-21,1.0883514015579634
2011-01-24,1.0626545764245956
2011-01-25,1.1226123967254436
2011-01-26,1.0810569039887197
2011-01-27,1.1271430249072845
2011-01-28,1.1572276520081828
2011-01-31,1.1557417289328025
2011-02-01,1.0977808522574624
2011-02-02,1.1131524301549995
2011-02-03,1.1080383140561083
2011-02-04,1.1115247060398867
2011-02-07,1.0641889981632064
2011-02-08,1.1125628533734964
2011-02-09,1.1319935132319512
2011-02-10,1.1226021438718146
2011-02-11,1.105807802669096
2011-02-14,1.1120170377873833
2011-02-15,1.121683651326332
2011-02-16,1.1101916765459459
2011-02-17,1.1010803288499817
2011-02-18,1.0383535672131643
2011-02-21,1.0584259300675827
2011-02-22,1.0911820892436959
2011-02-23,1.1018018524266493
2011-02-24,1.092380491852421
2011-02-25,1.095043657763275
2011-02-28,1.0688896904988123
2011-03-01,1.0547906742085322
2011-03-02,1.0404600103299617
2011-03-03,1.192974192210725
2011-03-04,1.1836357523429548
2011-03-07,1.1794095841294423
2011-03-08,1.1683957106842224
2011-03-09,1.1666384208394178
2011-03-10,1.1725751306940064
2011-03-11,1.1515785509186856
2011-03-14,1.126655037811319
2011-03-15,1.0911410997641457
2011-03-16,1.0603660857830235
2011-03-17,1.0877899816749954
2011-03-18,1.0872950330085658
2011-03-21,1.1155189471071223
2011-03-22,1.12417674579434
2011-03-23,1.1399559349364496
2011-03-24,1.1594467736878342
2011-03-25,1.1690460675803003
2011-03-28,1.1844632142755844
2011-03-29,1.187310489768095
2011-03-30,1.1843006022027969
2011-03-31,1.2019563304874379
2011-04-01,1.214009415829897
2011-04-04,1.200603840133037
2011-04-05,1.2041877961736493
2011-04-06,1.2141721646288386
2011-04-07,1.2465540003443003
2011-04-08,1.2797861303946223
2011-04-11,1.2623954145100535
2011-04-12,1.2514614071605235
2011-04-13,1.2626005708407901
2011-04-14,1.2787791636034997
2011-04-15,1.3077978112403343
2011-04-18,1.3216417421967805
2011-04-19,1.3503719442317639
2011-04-20,1.3697903305987906
2011-04-21,1.3697170201125215
2011-04-26,1.3699974838538425
2011-04-27,1.3970112962452026
2011-04-28,1.4182980264984737
2011-04-29,1.409510906100524
2011-05-02,1.4087038432473755
2011-05-03,1.4034558021266483
2011-05-04,1.4309664837478149
2011-05-05,1.365519190948798
2011-05-06,1.38241220992965
2011-05-09,1.3693377233231638
2011-05-10,1.3621989630051408
2011-05-11,1.3597471493188307
2011-05-12,1.3613411746097634
2011-05-13,1.3841026222792046
2011-05-16,1.3887218701425916
2011-05-17,1.3816115377936566
2011-05-18,1.3971424094863925
2011-05-19,1.4149673855052716
2011-05-20,1.39729569296924
2011-05-23,1.4159246649979296
2011-05-24,1.4183216021420835
2011-05-25,1.3645931094652757
2011-05-26,1.3763557479132853
2011-05-27,1.3666593205317343
2011-05-30,1.3628378167245288
2011-05-31,1.3712654555310575
2011-06-01,1.372656664959797
2011-06-02,1.391509845319225
2011-06-03,1.399396110441296
2011-06-06,1.4247522424925707
2011-06-07,1.4276482587835981
2011-06-08,1.4490645102123332
2011-06-09,1.4575416681108786
2011-06-10,1.4564320376450617
2011-06-13,1.4565010389847255
2011-06-14,1.476765004049553
2011-06-15,1.4998881258493362
2011-06-16,1.519719766742747
2011-06-17,1.5132095721204633
2011-06-20,1.5083722138840425
2011-06-21,1.4982709251189634
2011-06-22,1.514731433085971
2011-06-23,1.5147901562644326
2011-06-24,1.5075299340639217
2011-06-27,1.5187998498486865
2011-06-28,1.543726644711458
2011-06-29,1.540547543128334
2011-06-30,1.5737290809928495
2011-07-01,1.5602031180492006
2011-07-04,1.5284246605519303
2011-07-05,1.5298056067901178
2011-07-06,1.5336148512290269
2011-07-07,1.57078228411934
2011-07-08,1.5603920978952428
2011-07-11,1.6682999233487417
2011-07-12,1.6627077487487267
2011-07-13,1.6855192630266127
2011-07-14,1.6568863663405122
2011-07-15,1.6306883092504245
2011-07-18,1.6919031385879872
2011-07-19,1.70573470837508
2011-07-20,1.6457483128708872
2011-07-21,1.6397929936410907
2011-07-22,1.5892935540258364
2011-07-25,1.6106071546470844
2011-07-26,1.6483814019646559
2011-07-27,1.6465901357782364
2011-07-28,1.6629552991058407
2011-07-29,1.6806676610998803
2011-08-01,1.6187022069367565
2011-08-02,1.6559543797727372
2011-08-03,1.66770861954571
2011-08-04,1.580282790222391
2011-08-05,1.5727884976043018
2011-08-08,1.2925716581119673
2011-08-09,1.258659906491765
2011-08-10,1.3020245733161957
2011-08-11,1.2592990832541897
2011-08-12,1.289850066704929
2011-08-15,1.3134525646900936
2011-08-16,1.2920975481550272
2011-08-17,1.276077066071288
2011-08-18,1.1829768806965095
2011-08-19,1.1649122638359515
2011-08-22,1.19123685838262
2011-08-23,1.2058164737790982
2011-08-24,1.2365353069973182
2011-08-25,1.2462248396188471
2011-08-26,1.241160081998098
2011-08-29,1.2325915801972371
2011-08-30,1.228179216192137
2011-08-31,1.2250557223205032
2011-09-01,1.2247492451386286
2011-09-02,1.1951266439532837
2011-09-05,1.2253107649912973
2011-09-06,1.247667557575971
2011-09-07,1.2530573771999745
2011-09-08,1.233059578037068
2011-09-09,1.2312605511617019
2011-09-12,1.3543887295279227
2011-09-13,1.3622982787228182
2011-09-14,1.3501410821001656
2011-09-15,1.3441472204611493
2011-09-16,1.3348125011497718
2011-09-19,1.3267461481989304
2011-09-20,1.349968063234023
2011-09-21,1.3677907574613961
2011-09-22,1.3714227353128834
2011-09-23,1.3713811630167339
2011-09-26,1.340068573468864
2011-09-27,1.4370364329884104
2011-09-28,1.5413787716504945
2011-09-29,1.4431495984198097
2011-09-30,1.410135669056757
2011-10-03,1.3602147630941186
2011-10-04,1.341846136425069
2011-10-05,1.3670808914950285
2011-10-06,1.3900252241692854
2011-10-07,1.3621391119295616
2011-10-10,1.356897221172785
2011-10-11,1.3842342316274685
2011-10-12,1.3827235962323972
2011-10-13,1.4098603888363517
2011-10-14,1.4302431653452174
2011-10-17,1.4589680718949403
2011-10-18,1.485533273071935
2011-10-19,1.524517437602361
2011-10-20,1.5735250905512412
2011-10-21,1.6058239218433652
2011-10-24,1.608452672647326
2011-10-25,1.650769915989736
2011-10-26,1.7477761405072076
2011-10-27,1.7177208196148257
2011-10-28,1.769710831705515
2011-10-31,1.7762523853431063
2011-11-01,2.012177276728302
2011-11-02,1.8704310947654772
2011-11-03,1.8760808249605692
2011-11-04,1.999731283819953
2011-11-07,2.2192251952837516
2011-11-08,2.291914222314004
2011-11-09,2.392629815633727
2011-11-10,2.463491513739715
2011-11-11,2.4138685337419776
2011-11-14,2.2875158228891053
2011-11-15,2.5670790694318573
2011-11-16,2.6733421416237775
2011-11-17,2.740955855390231
2011-11-18,2.6316397130893634
2011-11-21,2.6271225287108884
2011-11-22,2.7448031637393555
2011-11-23,2.8309179934073168
2011-11-24,2.8655579622144494
2011-11-25,3.180991769455961
2011-11-28,2.9998125598735683
2011-11-29,2.932918137520856
2011-11-30,2.7072953534992017
2011-12-01,2.604581113986029
2011-12-02,2.5115256438314724
2011-12-05,2.1880046506498285
2011-12-06,2.2024136373081635
2011-12-07,2.166059714133759
2011-12-08,2.218099789810978
2011-12-09,2.276164657596583
2011-12-12,2.277454515732451
2011-12-13,2.1226144637346245
2011-12-14,1.987271979609405
2011-12-15,1.8355783062621072
2011-12-16,1.748104624129022
2011-12-19,1.6884756159079934
2011-12-20,1.6073500538092453
2011-12-21,1.5354431057190325
2011-12-22,1.5752553413075852
2011-12-23,1.4743226936164753
2011-12-27,1.4444975795741488
2011-12-28,1.4478995938868238
2011-12-29,1.427481069206964
2011-12-30,1.393340412767241
2012-01-02,1.3047181425207466
2012-01-03,1.2501861417740017
2012-01-04,1.2144012448482346
2012-01-05,1.318457595299833
2012-01-06,1.3957519802602345
2012-01-09,1.348486582950473
2012-01-10,1.2828041757934159
2012-01-11,1.194124127778787
2012-01-12,1.1267817171059278
2012-01-13,1.0405343970209735
2012-01-16,1.0790785972914811
2012-01-17,1.1019437089422084
2012-01-18,1.0977978309054155
2012-01-19,1.1661754155582837
2012-01-20,1.1280287686658124
2012-01-23,1.0422721350527162
2012-01-24,1.0266004930007462
2012-01-25,1.042142370505907
2012-01-26,0.9865188492333825
2012-01-27,1.0246580478034542
2012-01-30,1.0241618920418727
2012-01-31,0.9947443244287051
2012-02-01,0.928847865425241
2012-02-02,0.9237585127301848
2012-02-03,0.8599577293878475
2012-02-06,0.8717017269509455
2012-02-07,0.8610908996724884
2012-02-08,0.8690175742663264
2012-02-09,0.8601855269389835
2012-02-10,0.8540679415871963
2012-02-13,0.8463549191991957
2012-02-14,0.8213280693916802
2012-02-15,0.8809537984356606
2012-02-16,0.9274486832370457
2012-02-17,0.9101019356665603
2012-02-20,1.113617820319762
2012-02-21,1.0444652825260867
2012-02-22,1.053350053092796
2012-02-23,1.0518908158271092
2012-02-24,0.9743516006186503
2012-02-27,0.6534104551222342
2012-02-28,0.6198929327373683
2012-02-29,0.5400005090991478
2012-03-01,0.46914149559343343
2012-03-02,0.4774351514767403
2012-03-05,0.5059129901875963
2012-03-06,0.5003090043129976
2012-03-07,0.495138870003375
2012-03-08,0.4906389405345166
2012-03-09,0.5023624170141474
2012-03-12,0.47035442764812174
2012-03-13,0.49402747949404713
2012-03-14,0.4915669933807685
2012-03-15,0.4846825059054005
2012-03-16,0.4902765500171391
2012-03-19,0.489644162623911
2012-03-20,0.49961234575375
2012-03-21,0.5131720761442367
2012-03-22,0.543828101567005
2012-03-23,0.5535488772555652
2012-03-26,0.5456357838815649
2012-03-27,0.5577584697408575
2012-03-28,0.5777545554965542
2012-03-29,0.6385390434620533
2012-03-30,0.6178879240446662
2012-04-02,0.6115891460664216
2012-04-03,0.6120885217801444
2012-04-04,0.6846835942042127
2012-04-05,0.744860235632121
2012-04-10,0.8371123249531163
2012-04-11,0.9474305728138468
2012-04-12,0.8921470272344187
2012-04-13,0.9852400240522474
2012-04-16,1.008795784489287
2012-04-17,0.9514975581747009
2012-04-18,0.9688204289155209
2012-04-19,0.9780120009206108
2012-04-20,0.9767765521512235
2012-04-23,0.9724076653910156
2012-04-24,0.976660418349315
2012-04-25,0.9234305004345593
2012-04-26,0.9497015490690259
2012-04-27,0.9526692017664828
2012-04-30,0.8463587046439045
2012-05-02,0.8679205563989534
2012-05-03,0.871832855334528
2012-05-04,0.8010456652076137
2012-05-07,0.8019547810854775
2012-05-08,0.7687866218758668
2012-05-09,0.8599479134642642
2012-05-10,0.8796330535985426
2012-05-11,0.8937771502391847
2012-05-14,1.0088902041293828
2012-05-15,1.0184157000722571
2012-05-16,1.0356714222454215
2012-05-17,1.1351272436165658
2012-05-18,1.1098655289870507
2012-05-21,1.0983790454574098
2012-05-22,1.261534706084177
2012-05-23,1.0846663557221063
2012-05-24,1.1127839502194163
2012-05-25,1.1281623890778434
2012-05-28,1.1705658978176778
2012-05-29,1.2067375529474056
2012-05-30,1.3589403017817112
2012-05-31,1.3803339117096662
2012-06-01,1.3664748950449983
2012-06-04,1.3468738756977139
2012-06-05,1.3470745067704435
2012-06-06,1.304805556673525
2012-06-07,1.2703397111747705
2012-06-08,1.2860568768617853
2012-06-11,1.324586860857309
2012-06-12,1.4458885740373617
2012-06-13,1.4762093207319111
2012-06-14,1.5551369120179999
2012-06-15,1.5314458834352287
2012-06-18,1.5238978311235343
2012-06-19,1.5390351023684659
2012-06-20,1.4458536317596327
2012-06-21,1.3853483296008662
2012-06-22,1.3368359231868183
2012-06-25,1.398187224908483
2012-06-26,1.4789136151192324
2012-06-27,1.5848159027419868
2012-06-28,1.5809377401048863
2012-06-29,1.4376426984325192
2012-07-02,1.2045838495437629
2012-07-03,1.1834032286426215
2012-07-04,1.176762064197277
2012-07-05,1.2135811018365565
2012-07-06,1.2377334596920662
2012-07-09,1.2381276102838044
2012-07-10,1.1458242878244604
2012-07-11,1.1006815157037426
2012-07-12,1.0259758144196915
2012-07-13,0.9947280814409432
2012-07-16,1.0299398604802494
2012-07-17,0.9941639144098655
2012-07-18,1.0732578912960076
2012-07-19,1.1014652278826293
2012-07-20,1.1756941640875773
2012-07-23,1.3017192200394572
2012-07-24,1.393374878344174
2012-07-25,1.4560484898456991
2012-07-26,1.3503741931326623
2012-07-27,1.2300620701344727
2012-07-30,1.2019061723700801
2012-07-31,1.1331974933287956
2012-08-01,1.1156151463434014
2012-08-02,1.1048682274684776
2012-08-03,0.9572145870748727
2012-08-06,0.8415081114708016
2012-08-07,0.8872444981227687
2012-08-08,0.9470345539298073
2012-08-09,0.953921227588781
2012-08-10,1.0183667432707288
2012-08-13,1.004672933534298
2012-08-14,0.9920022929482499
2012-08-15,0.9506587384361964
2012-08-16,0.9350649494338832
2012-08-17,0.872425390910907
2012-08-20,0.8339139073189141
2012-08-21,0.83396724261668
2012-08-22,0.7899828750378681
2012-08-23,0.832781194818665
2012-08-24,0.8372848134584672
2012-08-27,0.7808135535600549
2012-08-28,0.7528412088765677
2012-08-29,0.714867088644997
2012-08-30,0.7196878200726999
2012-08-31,0.7234969604021302
2012-09-03,0.6879295592519767
2012-09-04,0.7065047597169496
2012-09-05,0.7075897189934857
2012-09-06,0.6957183004296397
2012-09-07,0.6931227349827118
2012-09-10,0.7255769296584695
2012-09-11,0.6027805371610349
2012-09-12,0.6667067619507527
2012-09-13,0.6683032212261395
2012-09-14,0.6885786249956389
2012-09-17,0.6896157246574361
2012-09-18,0.6731931329670857
2012-09-19,0.6532329443026619
2012-09-20,0.6695385846571931
2012-09-21,0.6470640075775513
2012-09-24,0.642048295094968
2012-09-25,0.692802291395644
2012-09-26,0.7411731099229009
2012-09-27,0.7866552217151295
2012-09-28,0.780289612012659
2012-10-01,0.7635902620259181
2012-10-02,0.7190389803750836
2012-10-03,0.7550281931469733
2012-10-04,0.750289354618701
2012-10-05,0.7499252014279598
2012-10-08,0.7250668799893418
2012-10-09,0.7860718219983394
2012-10-10,0.7411649627164092
2012-10-11,0.7179738671642202
2012-10-12,0.7004736234020932
2012-10-15,0.707006396258091
2012-10-16,0.6717993548176171
2012-10-17,0.6834508534410091
2012-10-18,0.7259828787585683
2012-10-19,0.7303907027107073
2012-10-22,0.7354435420767107
2012-10-23,0.7559933959761622
2012-10-24,0.7639928136210603
2012-10-25,0.779984352270537
2012-10-26,0.8189693334106547
2012-10-29,0.821877015645402
2012-10-30,0.8016062351595803
2012-10-31,0.777818673621903
2012-11-01,0.7725287982103897
2012-11-02,0.7798499461087687
2012-11-05,0.7528332092924188
2012-11-06,0.7691033493718074
2012-11-07,0.7368138038903158
2012-11-08,0.7379401592610542
2012-11-09,0.7649425236604381
2012-11-12,0.7160339648551677
2012-11-13,0.7171334584163098
2012-11-14,0.712593172411508
2012-11-15,0.7624552162178091
2012-11-16,0.7300035694002727
2012-11-19,0.7588474868730302
2012-11-20,0.7498362227419246
2012-11-21,0.7479795079143425
2012-11-22,0.7148250259148217
2012-11-23,0.6768725240336781
2012-11-26,0.3992458205144569
2012-11-27,0.40501770826749706
2012-11-28,0.39539292762519374
2012-11-29,0.41337710114857806
2012-11-30,0.42255974692002773
2012-12-03,0.3955568881870093
2012-12-04,0.408160448295801
2012-12-05,0.40390797462926287
2012-12-06,0.4303009048322579
2012-12-07,0.42900728607126126
2012-12-10,0.46579996621908215
2012-12-11,0.45652049201180134
2012-12-12,0.4264285454695731
2012-12-13,0.42990078703024004
2012-12-14,0.4362015969427766
2012-12-17,0.42116255147704607
2012-12-18,0.41715466432482984
2012-12-19,0.4201096410993195
2012-12-20,0.44074342533819966
2012-12-21,0.4305582489797022
2012-12-24,0.5401581516462741
2012-12-27,0.6182671557452615
2012-12-28,0.6496154171451316
2012-12-31,0.6527459122327137
2013-01-02,0.5471894992731059
2013-01-03,0.5663856250294668
2013-01-04,0.4321693481726543
2013-01-07,0.4801225106193572
2013-01-08,0.4548807247129387
2013-01-09,0.4197216786176261
2013-01-10,0.400557104885956
2013-01-11,0.39244433994074424
2013-01-14,0.41442102188712493
2013-01-15,0.42085044902517765
2013-01-16,0.4449351797488843
2013-01-17,0.4567749360588582
2013-01-18,0.44822881902362255
2013-01-21,0.4405538676390499
2013-01-22,0.43131481419178996
2013-01-23,0.4321335090347329
2013-01-24,0.44703656801614766
2013-01-25,0.4641520069396394
2013-01-28,0.4847895720969486
2013-01-29,0.47218946445753396
2013-01-30,0.482781882364125
2013-01-31,0.5215235960173281
2013-02-01,0.5074946429079326
2013-02-04,0.5062909385215857
2013-02-05,0.4755219344017485
2013-02-06,0.48891678789588155
2013-02-07,0.49358771611989205
2013-02-08,0.495801664251025
2013-02-11,0.4769646667132683
2013-02-12,0.4520492828092779
2013-02-13,0.4730078672032487
2013-02-14,0.4718438019885731
2013-02-15,0.4596734964267224
2013-02-18,0.4606957820335982
2013-02-19,0.4572795513019594
2013-02-20,0.46139074427201
2013-02-21,0.4788956546504446
2013-02-22,0.47065194849438186
2013-02-25,0.4477216909816999
2013-02-26,0.5665096757508241
2013-02-27,0.5371034649906727
2013-02-28,0.4982220421883534
2013-03-01,0.5033510703055493
2013-03-04,0.4911331824764815
2013-03-05,0.47140555263224293
2013-03-06,0.4638942868684728
2013-03-07,0.4795284433327103
2013-03-08,0.4782485490428705
2013-03-11,0.48316696779663193
2013-03-12,0.46692920587255493
2013-03-13,0.4838745988285389
2013-03-14,0.479837787788437
2013-03-15,0.45585625748944025
2013-03-18,0.4602243091480789
2013-03-19,0.47269549316089776
2013-03-20,0.46954082698059363
2013-03-21,0.48531123697333545
2013-03-22,0.484088662630513
2013-03-25,0.46932211089061315
2013-03-26,0.4637298637490064
2013-03-27,0.48706650964465226
2013-03-28,0.495411959778437
2013-04-02,0.4767658002533306
2013-04-03,0.3944459432565166
2013-04-04,0.3643051292331343
2013-04-05,0.34877583951357316
2013-04-08,0.3402509520505834
2013-04-09,0.3432506556536872
2013-04-10,0.3378758466446765
2013-04-11,0.3295468510279864
2013-04-12,0.3384752143900105
2013-04-15,0.33346872008187756
2013-04-16,0.2990508517527406
2013-04-17,0.28075592563352636
2013-04-18,0.2923682187734711
2013-04-19,0.2907390483279908
2013-04-22,0.2793832724959069
2013-04-23,0.2562249541475081
2013-04-24,0.26827991671123197
2013-04-25,0.30109710984351157
2013-04-26,0.30915666594501534
2013-04-29,0.28251273152366885
2013-04-30,0.2766698295317731
2013-05-02,0.26143172819246363
2013-05-03,0.23252933160001366
2013-05-06,0.2602847807657609
2013-05-07,0.24215275432609396
2013-05-08,0.2538472045029563
2013-05-09,0.2631005734394174
2013-05-10,0.27411956255175074
2013-05-13,0.27488147791492334
2013-05-14,0.27117249998955284
2013-05-15,0.29958210083262315
2013-05-16,0.26059376632041964
2013-05-17,0.24804192035024286
2013-05-20,0.2576523596068645
2013-05-21,0.2778222499906464
2013-05-22,0.3032296675610837
2013-05-23,0.3133121841792539
2013-05-24,0.33052637284772146
2013-05-27,0.32296919372733424
2013-05-28,0.2945638844141891
2013-05-29,0.32892550449292735
2013-05-30,0.3095539714484774
2013-05-31,0.3326187370369764
2013-06-03,0.34884505463346027
2013-06-04,0.3167366296238958
2013-06-05,0.30375893445996205
2013-06-06,0.35322790510121926
2013-06-07,0.38336174720352467
2013-06-10,0.3711368687125125
2013-06-11,0.36798090827788776
2013-06-12,0.38592024004107905
2013-06-13,0.45698444428934515
2013-06-14,0.43924251191187125
2013-06-17,0.4036814761270673
2013-06-18,0.4775415096267963
2013-06-19,0.48013933050009605
2013-06-20,0.5014133396568399
2013-06-21,0.5090461821332957
2013-06-24,0.5877307760898489
2013-06-25,0.623796502321369
2013-06-26,0.5957095887913741
2013-06-27,0.5464115699210197
2013-06-28,0.5406312077883113
2013-07-01,0.48806532350689835
2013-07-02,0.4682791805987261
2013-07-03,0.49139071324808903
2013-07-04,0.3847024509880681
2013-07-05,0.38608900153664294
2013-07-08,0.3778779451611882
2013-07-09,0.37871272314774007
2013-07-10,0.4038699245777435
2013-07-11,0.4513416692675394
2013-07-12,0.42800301382437844
2013-07-15,0.44215608783314053
2013-07-16,0.45215972592087894
2013-07-17,0.4485261221002137
2013-07-18,0.4451555584773681
2013-07-19,0.43204299479970665
2013-07-22,0.4261716189753679
2013-07-23,0.42092570383320194
2013-07-24,0.4224748075916498
2013-07-25,0.4337747796927891
2013-07-26,0.43310039754122
2013-07-29,0.4506891621412903
2013-07-30,0.4447577065153734
2013-07-31,0.451046415312919
2013-08-01,0.44166705473061274
2013-08-02,0.43969073207466813
2013-08-05,0.42163045440838864
2013-08-06,0.3895450262403095
2013-08-07,0.39419133454139654
2013-08-08,0.3940074052982272
2013-08-09,0.3843295485040912
2013-08-12,0.3792592895974254
2013-08-13,0.36551553726786423
2013-08-14,0.37918413814513396
2013-08-15,0.3997008604444545
2013-08-16,0.39697303918850224
2013-08-19,0.4157971841952648
2013-08-20,0.4295817989108901
2013-08-21,0.43375126577183476
2013-08-22,0.433647478270065
2013-08-23,0.4144219924861785
2013-08-26,0.42933346024542374
2013-08-27,0.4719549004669048
2013-08-28,0.4771265160725715
2013-08-29,0.46208503783827215
2013-08-30,0.48556566726700634
2013-09-02,0.4571024421130412
2013-09-03,0.4499430745040147
2013-09-04,0.47482483233133
2013-09-05,0.4960436119709719
2013-09-06,0.4921886480068869
2013-09-09,0.49205993676852877
2013-09-10,0.4796529003967418
2013-09-11,0.4818224381516254
2013-09-12,0.4785520242960155
2013-09-13,0.49832085890929534
2013-09-16,0.5129954173029807
2013-09-17,0.47320910840964636
2013-09-18,0.4744031366524837
2013-09-19,0.44820485563434787
2013-09-20,0.42037317046167644
2013-09-23,0.3914155048403476
2013-09-24,0.37714599362591184
2013-09-25,0.3839865201591266
2013-09-26,0.406280846827368
2013-09-27,0.4314902176654485
2013-09-30,0.44097360248370787
2013-10-01,0.4205383699866925
2013-10-02,0.3732484960369229
2013-10-03,0.36227374924475164
2013-10-04,0.34209066126828525
2013-10-07,0.34455234052788875
2013-10-08,0.3610920216416442
2013-10-09,0.36949446256266505
2013-10-10,0.3608243541364127
2013-10-11,0.3605184797462746
2013-10-14,0.34965319821984586
2013-10-15,0.3353874083553636
2013-10-16,0.3392061789890599
2013-10-17,0.3355574215391437
2013-10-18,0.3257924248507367
2013-10-21,0.3122997299491477
2013-10-22,0.29745367344479234
2013-10-23,0.3185992916635181
2013-10-24,0.3425560367947922
2013-10-25,0.36441595925115333
2013-10-28,0.3592806833676807
2013-10-29,0.3423520425940545
2013-10-30,0.3410494854599859
2013-10-31,0.3264860673272505
2013-11-01,0.27027940365604763
2013-11-04,0.287976793371719
2013-11-05,0.2928438091966621
2013-11-06,0.28628030153998374
2013-11-07,0.234456248415019
2013-11-08,0.25165245545963266
2013-11-11,0.24896339995598904
2013-11-12,0.26184457730144217
2013-11-13,0.24573564816935356
2013-11-14,0.2588558069434619
2013-11-15,0.2743681623785861
2013-11-18,0.29256630479498735
2013-11-19,0.2869258447569507
2013-11-20,0.31182305360602225
2013-11-21,0.3068291512275767
2013-11-22,0.27565271261312585
2013-11-25,0.2701442167540078
2013-11-26,0.26560586030893063
2013-11-27,0.27974531810317593
2013-11-28,0.28828022401467557
2013-11-29,0.28806963495430704
2013-12-02,0.30632972951539283
2013-12-03,0.3104888859399013
2013-12-04,0.3190794842126463
2013-12-05,0.34772907923675245
2013-12-06,0.3549898611719753
2013-12-09,0.35935364082496246
2013-12-10,0.34184314645906966
2013-12-11,0.3558319186397316
2013-12-12,0.39380043917114893
2013-12-13,0.3902104041199248
2013-12-16,0.40819456078658245
2013-12-17,0.41887540389668043
2013-12-18,0.4115848811001612
2013-12-19,0.4236433262082224
2013-12-20,0.4154851539572695
2013-12-23,0.4048729372392126
2013-12-24,0.4091244251974242
2013-12-27,0.45828545431739
2013-12-30,0.45648202698307827
2013-12-31,0.45739582718860383
2014-01-02,0.35388094687623184
2014-01-03,0.32125777747471584
2014-01-06,0.3137290610359864
2014-01-07,0.32371959894244995
2014-01-08,0.327465288770048
2014-01-09,0.3345434398697771
2014-01-10,0.3284966339341908
2014-01-13,0.32328997302060447
2014-01-14,0.35102692225927434
2014-01-15,0.35846183700479184
2014-01-16,0.3736646046438832
2014-01-17,0.3651789219988082
2014-01-20,0.37402298944781354
2014-01-21,0.3674787694015311
2014-01-22,0.3560636991704227
2014-01-23,0.3537061741847589
2014-01-24,0.3652564575999975
2014-01-27,0.3752919896004592
2014-01-28,0.356072216603712
2014-01-29,0.36065700889421404
2014-01-30,0.3513201155326211
2014-01-31,0.3284590527184381
2014-02-03,0.31992415141677544
2014-02-04,0.3095302232208237
2014-02-05,0.3055825734841813
2014-02-06,0.3235045203873179
2014-02-07,0.3049911750445391
2014-02-10,0.30166007516585047
2014-02-11,0.30842520813254737
2014-02-12,0.3085187859879497
2014-02-13,0.3155079718850686
2014-02-14,0.3028409951202944
2014-02-17,0.29998895280991356
2014-02-18,0.28799139151362496
2014-02-19,0.2776539199766166
2014-02-20,0.2760866590662685
2014-02-21,0.2717196124131336
2014-02-24,0.27293827002008797
2014-02-25,0.27403551296518547
2014-02-26,0.27604075892690805
2014-02-27,0.2716051029675155
2014-02-28,0.2812433705391779
2014-03-03,0.2814204809346137
2014-03-04,0.2561296530337316
2014-03-05,0.2499277603903005
2014-03-06,0.27107225656960754
2014-03-07,0.2970684761126545
2014-03-10,0.2923086358893112
2014-03-11,0.2895879518948581
2014-03-12,0.289674038122131
2014-03-13,0.28685602246057407
2014-03-14,0.28944319838233223
2014-03-17,0.29862770457543686
2014-03-18,0.30546234592703225
2014-03-19,0.3139643996318311
2014-03-20,0.32554480997788726
2014-03-21,0.3297286684810947
2014-03-24,0.3304295659185392
2014-03-25,0.3274569474274083
2014-03-26,0.3244477690144363
2014-03-27,0.3241242636179402
2014-03-28,0.3257690034480136
2014-03-31,0.3325522472864213
2014-04-01,0.32612924317701264
2014-04-02,0.3251797486130181
2014-04-03,0.3281509475782851
2014-04-04,0.322238297063584
2014-04-07,0.3208060474214056
2014-04-08,0.3175409277787624
2014-04-09,0.3172694389830548
2014-04-10,0.3212854951794428
2014-04-11,0.3367314248606901
2014-04-14,0.32998960094945406
2014-04-15,0.31732178205754913
2014-04-16,0.32469040096447355
2014-04-17,0.316577407335517
2014-04-22,0.31516832195957356
2014-04-23,0.3191030086778541
2014-04-24,0.331844133024755
2014-04-25,0.3516047028423621
2014-04-28,0.36120536127625513
2014-04-29,0.34380753453593815
2014-04-30,0.3395531605837796
2014-05-02,0.3292518448208792
2014-05-05,0.33493013053329346
2014-05-06,0.3355413728929495
2014-05-07,0.3326957814590754
2014-05-08,0.32657580464045743
2014-05-09,0.3305947911432465
2014-05-12,0.32427389186074773
2014-05-13,0.30501734143125425
2014-05-14,0.2968585960335206
2014-05-15,0.29782665814266895
2014-05-16,0.31113979431162164
2014-05-19,0.3284261440383123
2014-05-20,0.3266502690022328
2014-05-21,0.3290932001608491
2014-05-22,0.31645500655856207
2014-05-23,0.30790710634177465
2014-05-26,0.2908691762854678
2014-05-27,0.2858414805368783
2014-05-28,0.2749375089059001
2014-05-29,0.26584004620159174
2014-05-30,0.2607156259897696
2014-06-02,0.26174447578604987
2014-06-03,0.2597338271136289
2014-06-04,0.2500866708613865
2014-06-05,0.2231120070379191
2014-06-06,0.2124332614245521
2014-06-09,0.22225993123360954
2014-06-10,0.22247635054953463
2014-06-11,0.20077372522438797
2014-06-12,0.1781226069165065
2014-06-13,0.15529619421501373
2014-06-16,0.14460707736789224
2014-06-17,0.14855439581440688
2014-06-18,0.16484113568703496
2014-06-19,0.16648232882852376
2014-06-20,0.17323279324671503
2014-06-23,0.16790759235094654
2014-06-24,0.1600214248540448
2014-06-25,0.16734864406972605
2014-06-26,0.16608998385532114
2014-06-27,0.16145550740513048
2014-06-30,0.16158978832939397
2014-07-01,0.14968342492232622
2014-07-02,0.14713602762028266
2014-07-03,0.14569827773754795
2014-07-04,0.14357459336165856
2014-07-07,0.14406350078487318
2014-07-08,0.14224251567563595
2014-07-09,0.15434763565441223
2014-07-10,0.15750052836833994
2014-07-11,0.1575379309576057
2014-07-14,0.16312049887774638
2014-07-15,0.1501832764475708
2014-07-16,0.1593307276704543
2014-07-17,0.1555606603342179
2014-07-18,0.1460228041650593
2014-07-21,0.1487048919028462
2014-07-22,0.14190896057879865
2014-07-23,0.14300561451506155
2014-07-24,0.13515979510289977
2014-07-25,0.1297655835440974
2014-07-28,0.12312907410567675
2014-07-29,0.12165052019004996
2014-07-30,0.12005093584149851
2014-07-31,0.12186619744011828
2014-08-01,0.12205937125521427
2014-08-04,0.10676789466348424
2014-08-05,0.10080848980834567
2014-08-06,0.0979277450300291
2014-08-07,0.0924004592847778
2014-08-08,0.09208134736618057
2014-08-11,0.08765480509087364
2014-08-12,0.08116574934642262
2014-08-13,0.08274976026232661
2014-08-14,0.08390481407320216
2014-08-15,0.07993412068282169
2014-08-18,0.07826440880562036
2014-08-19,0.08205427785170105
2014-08-20,0.08632919622018775
2014-08-21,0.08707493902392116
2014-08-22,0.09155087787095706
2014-08-25,0.07956979689320054
2014-08-26,0.08946924844884574
2014-08-27,0.09333763833607289
2014-08-28,0.10286615949690692
2014-08-29,0.09046671451181076
2014-09-01,0.08990165364364433
2014-09-02,0.08890678236392535
2014-09-03,0.09010477941136763
2014-09-04,0.050324980668598585
2014-09-05,0.05275713959282058
2014-09-08,0.051396721375010834
2014-09-09,0.06035731820494128
2014-09-10,0.06670318475183556
2014-09-11,0.06674385671910077
2014-09-12,0.07467270488969913
2014-09-15,0.07827152397761683
2014-09-16,0.0893342596313822
2014-09-17,0.08341015160670118
2014-09-18,0.08443472441081301
2014-09-19,0.07499822419523738
2014-09-22,0.07831169256333048
2014-09-23,0.08826051611030739
2014-09-24,0.08682004387505415
2014-09-25,0.08728329982240624
2014-09-26,0.08827403030770853
2014-09-29,0.09218813638850154
2014-09-30,0.09126842646404221
2014-10-01,0.08170235129161263
2014-10-02,0.08327238624672617
2014-10-03,0.08677974247970877
2014-10-06,0.08477085124721828
2014-10-07,0.09039310217444463
2014-10-08,0.09864376319439039
2014-10-09,0.1016225436813798
2014-10-10,0.10312607316320577
2014-10-13,0.10695435433329781
2014-10-14,0.10505978470407573
2014-10-15,0.11922362007745058
2014-10-16,0.14125039686554786
2014-10-17,0.13760539065254296
2014-10-20,0.1373778813726627
2014-10-21,0.1437626485304877
2014-10-22,0.14311752916726306
2014-10-23,0.14702215149519393
2014-10-24,0.14764922182527584
2014-10-27,0.14908340716370283
2014-10-28,0.14910940699208908
2014-10-29,0.15553821948646362
2014-10-30,0.15113498957445692
2014-10-31,0.14139503669461373
2014-11-03,0.13158970895099298
2014-11-04,0.11904277488654191
2014-11-05,0.1214471626528617
2014-11-06,0.10869493104719652
2014-11-07,0.11493089363276177
2014-11-10,0.11126418634484825
2014-11-11,0.1068491857650411
2014-11-12,0.10537804462696876
2014-11-13,0.10908734116427432
2014-11-14,0.10725167630192178
2014-11-17,0.11255124575398945
2014-11-18,0.11507860365783973
2014-11-19,0.12433889092653683
2014-11-20,0.11828313835702176
2014-11-21,0.11113094424977099
2014-11-24,0.1062648758290532
2014-11-25,0.10588645666968066
2014-11-26,0.10904194521811128
2014-11-27,0.10318783672700693
2014-11-28,0.10743137723231477
2014-12-01,0.10907249204880376
2014-12-02,0.10852911148666866
2014-12-03,0.10513891138552278
2014-12-04,0.11778110485029902
2014-12-05,0.11571811806153853
2014-12-08,0.11749117156199862
2014-12-09,0.1276625084030929
2014-12-10,0.1409436581181467
2014-12-11,0.13298857941912434
2014-12-12,0.13125387148606382
2014-12-15,0.1372242892936688
2014-12-16,0.14355589187480433
2014-12-17,0.13430270343489514
2014-12-18,0.11672525490191266
2014-12-19,0.11180893014111426
2014-12-22,0.10414518423391694
2014-12-23,0.09377550418815783
2014-12-24,0.09293516735615981
2014-12-29,0.10721402530687385
2014-12-30,0.08630438871816093
2014-12-31,0.08452823476844706
2015-01-02,0.06193584095503102
2015-01-05,0.0652633775621343
2015-01-06,0.057905050977832495
2015-01-07,0.048900066706882406
2015-01-08,0.046927494444545914
2015-01-09,0.047094677548431996
2015-01-12,0.0508651325280951
2015-01-13,0.040495879359590425
2015-01-14,0.03929143844702221
2015-01-15,0.026322725584956963
2015-01-16,0.019396138313254596
2015-01-19,0.023267540958032296
2015-01-20,0.025435675456174422
2015-01-21,0.025567060851911183
2015-01-22,0.00220567700005736
2015-01-23,-0.0012620460476284734
2015-01-26,0.013229326827060017
2015-01-27,0.01604154791105472
2015-01-28,0.024720328315915197
2015-01-29,0.003856842475546962
2015-01-30,0.017314402952272268
2015-02-02,0.012876761345454568
2015-02-03,0.003806469678810931
2015-02-04,-0.0016669119833254697
2015-02-05,-0.005331430899460976
2015-02-06,-0.005821976986378985
2015-02-09,0.0006672511345890975
2015-02-10,-0.004021121957509255
2015-02-11,-0.0023038255003831054
2015-02-12,-0.0009540275707302648
2015-02-13,0.001758442298785745
2015-02-16,0.0019694145871360647
2015-02-17,-0.0008349025949092592
2015-02-18,-0.00356749184111127
2015-02-19,0.0019499018941493418
2015-02-20,0.00181392961829685
2015-02-23,-0.00449750932436821
2015-02-24,-0.012072921115308333
2015-02-25,-0.012388979753608531
2015-02-26,-0.02625444022828871
2015-02-27,-0.024160992526419456
2015-03-02,-0.020803897948932892
2015-03-03,-0.01973876227315685
2015-03-04,-0.020479425240976123
2015-03-05,-0.030668892114310786
2015-03-06,-0.030236593676488788
2015-03-09,-0.011075556596340963
2015-03-10,-0.006399815716710666
2015-03-11,-0.034934591779394175
2015-03-12,-0.037194217379147076
2015-03-13,-0.041714417055770614
2015-03-16,-0.04371875586969143
2015-03-17,-0.03480579434901232
2015-03-18,-0.031417962120582565
2015-03-19,-0.020260938755516822
2015-03-20,-0.04323892929472262
2015-03-23,-0.041345359306125484
2015-03-24,-0.04047553819620253
2015-03-25,-0.0420263122223683
2015-03-26,-0.05289613875027355
2015-03-27,-0.05500108783067681
2015-03-30,-0.043416162650376844
2015-03-31,-0.05927012247847774
2015-04-01,-0.06234970768944148
2015-04-02,-0.06124457932436611
2015-04-07,-0.06194530338377646
2015-04-08,-0.06346417493268586
2015-04-09,-0.06418151439239184
2015-04-10,-0.06499954268928176
2015-04-13,-0.061011313537423284
2015-04-14,-0.06180286437664417
2015-04-15,-0.05237331254915434
2015-04-16,-0.06066259227934756
2015-04-17,-0.05787144697851687
2015-04-20,-0.05312578108767463
2015-04-21,-0.05612889246757735
2015-04-22,-0.055427838611488145
2015-04-23,-0.10924219409140168
2015-04-24,-0.1148883658437585
2015-04-27,-0.12273829064880726
2015-04-28,-0.12837300102903093
2015-04-29,-0.12068841002537223
2015-04-30,-0.1149702721330721
2015-05-04,-0.12188551759838262
2015-05-05,-0.11782985144582225
2015-05-06,-0.11482902886167823
2015-05-07,-0.11252856132675149
2015-05-08,-0.11274611225654407
2015-05-11,-0.10607115305661452
2015-05-12,-0.11326183169916337
2015-05-13,-0.10787202256748829
2015-05-14,-0.10804895189092711
2015-05-15,-0.11031453110117129
2015-05-18,-0.11889722111691192
2015-05-19,-0.11480766736892312
2015-05-20,-0.11511809415799812
2015-05-21,-0.11770715034487322
2015-05-22,-0.12245910024864459
2015-05-25,-0.11944357038589892
2015-05-26,-0.11983724815256114
2015-05-27,-0.10920388937028713
2015-05-28,-0.1143805659266528
2015-05-29,-0.10345412367787477
2015-06-01,-0.10896369456328303
2015-06-02,-0.1135309406481686
2015-06-03,-0.10398129884327112
2015-06-04,-0.10817293968290143
2015-06-05,-0.11139758024615443
2015-06-08,-0.108561050506641
2015-06-09,-0.11030878671333166
2015-06-10,-0.1001369898896356
2015-06-11,-0.10899742355371167
2015-06-12,-0.08841521725643586
2015-06-15,-0.07747851512415416
2015-06-16,-0.06464610101445345
2015-06-17,-0.07789340188063587
2015-06-18,-0.07674108502228849
2015-06-19,-0.0806731438070507
2015-06-22,-0.08321218151837328
2015-06-23,-0.08811490733217031
2015-06-24,-0.07762836152083397
2015-06-25,-0.08874789725668064
2015-06-26,-0.08414391188957637
2015-06-29,-0.07398502870130574
2015-06-30,-0.08125446435208294
2015-07-01,-0.09528170676686054
2015-07-02,-0.09878736899242968
2015-07-03,-0.09582522029637186
2015-07-06,-0.09053470373873429
2015-07-07,-0.09056228167813973
2015-07-08,-0.09830903570387095
2015-07-09,-0.09863701894822308
2015-07-10,-0.10089557557793905
2015-07-13,-0.10926779191896996
2015-07-14,-0.11323161337739052
2015-07-15,-0.11852650110918805
2015-07-16,-0.12217955532787483
2015-07-17,-0.12529793343918572
2015-07-20,-0.12478069014395832
2015-07-21,-0.12242571395718604
2015-07-22,-0.1216420734123651
2015-07-23,-0.11934863459553258
2015-07-24,-0.12017158353548263
2015-07-27,-0.11904766271311784
2015-07-28,-0.12004125589722348
2015-07-29,-0.118089307590874
2015-07-30,-0.12405301597639218
2015-07-31,-0.1204746225795863
2015-08-03,-0.11874182454060733
2015-08-04,-0.12600823363961577
2015-08-05,-0.1220200555773081
2015-08-06,-0.1267998325276496
2015-08-07,-0.12638380614587108
2015-08-10,-0.12774534138936255
2015-08-11,-0.12269061408763537
2015-08-12,-0.1234046292620854
2015-08-13,-0.12639393210122085
2015-08-14,-0.12417706752705016
2015-08-17,-0.12042011198178537
2015-08-18,-0.12412862738725039
2015-08-19,-0.12077601128660787
2015-08-20,-0.1231397832439245
2015-08-21,-0.12859555739304884
2015-08-24,-0.12058777201590987
2015-08-25,-0.12184269565678285
2015-08-26,-0.11784983610934097
2015-08-27,-0.12139073873614192
2015-08-28,-0.12581999720548076
2015-08-31,-0.11325625084856261
2015-09-01,-0.12277374803392549
2015-09-02,-0.1214320629712704
2015-09-03,-0.12662824303240194
2015-09-04,-0.1258734678120632
2015-09-07,-0.1184627547570063
2015-09-08,-0.11857609468749253
2015-09-09,-0.11599656644558598
2015-09-10,-0.11072253440148616
2015-09-11,-0.10548386604228455
2015-09-14,-0.11064825152539193
2015-09-15,-0.11276659274523704
2015-09-16,-0.1081722888093899
2015-09-17,-0.10526856231480153
2015-09-18,-0.11318045419114053
2015-09-21,-0.10831830116640662
2015-09-22,-0.11348341712952514
2015-09-23,-0.11382164716776444
2015-09-24,-0.11555809615075274
2015-09-25,-0.11252585415690852
2015-09-28,-0.11557580771006348
2015-09-29,-0.12672919744517674
2015-09-30,-0.11581938370336298
2015-10-01,-0.12736401295427813
2015-10-02,-0.1325486173459871
2015-10-05,-0.13269509936580093
2015-10-06,-0.13019171423056974
2015-10-07,-0.12933711603001896
2015-10-08,-0.13590380143723246
2015-10-09,-0.13519869935883078
2015-10-12,-0.13143186833536147
2015-10-13,-0.13433968425907583
2015-10-14,-0.12513800866870284
2015-10-15,-0.13539357667833496
2015-10-16,-0.13199407861487966
2015-10-19,-0.13028202568230363
2015-10-20,-0.1407466862403859
2015-10-21,-0.11959413275086384
2015-10-22,-0.16333007809352917
2015-10-23,-0.18937795808876778
2015-10-26,-0.18711635894231105
2015-10-27,-0.198046412262876
2015-10-28,-0.19741770878633247
2015-10-29,-0.19267003426809914
2015-10-30,-0.18717275682080547
2015-11-02,-0.17419604290311774
2015-11-03,-0.1826191235670347
2015-11-04,-0.1841576320951681
2015-11-05,-0.1852726103363418
2015-11-06,-0.17543642897992484
2015-11-09,-0.1713961457608697
2015-11-10,-0.18625126940344128
2015-11-11,-0.17593271735890248
2015-11-12,-0.18492187025682139
2015-11-13,-0.20586602122202446
2015-11-16,-0.2042122308104295
2015-11-17,-0.20586237830861975
2015-11-18,-0.20418773157610026
2015-11-19,-0.20887016333753827
2015-11-20,-0.22231620093008786
2015-11-23,-0.2188386473360966
2015-11-24,-0.22672844038051743
2015-11-25,-0.24065162651174088
2015-11-26,-0.22982178885691784
2015-11-27,-0.23954267361794024
2015-11-30,-0.234550835625293
2015-12-01,-0.24811515872274548
2015-12-02,-0.23823191367558572
2015-12-03,-0.1958941362125941
2015-12-04,-0.1718791575989016
2015-12-07,-0.1806761911245367
2015-12-08,-0.1868869654763472
2015-12-09,-0.1913218560272627
2015-12-10,-0.17444227314450433
2015-12-11,-0.17695770679354084
2015-12-14,-0.18688435784220747
2015-12-15,-0.1867662354090207
2015-12-16,-0.18828630626625742
2015-12-17,-0.19601324637391748
2015-12-18,-0.2155778111375959
2015-12-21,-0.21005053788680605
2015-12-22,-0.21464847648863028
2015-12-23,-0.22873692325046946
2015-12-28,-0.23864971929079637
2015-12-29,-0.2435294577554199
2015-12-30,-0.24717821525527306
2016-01-04,-0.2637389409242896
2016-01-05,-0.26107164782191816
2016-01-06,-0.2652113531383913
2016-01-07,-0.26299330742278304
2016-01-08,-0.2752470498758912
2016-01-11,-0.2641604809512472
2016-01-12,-0.25717733614341665
2016-01-13,-0.25327607476652947
2016-01-14,-0.2528644822061441
2016-01-15,-0.2486239097018199
2016-01-18,-0.24364406410075112
2016-01-19,-0.23474293021982362
2016-01-20,-0.2249457156976291
2016-01-21,-0.23984465140572553
2016-01-22,-0.24406408548538927
2016-01-25,-0.24197580485251713
2016-01-26,-0.23983907968864404
2016-01-27,-0.22743908730219164
2016-01-28,-0.22634297001221793
2016-01-29,-0.24540091169029576
2016-02-01,-0.2434182277746375
2016-02-02,-0.24848624794440521
2016-02-03,-0.25251476477835855
2016-02-04,-0.2560919448412191
2016-02-05,-0.2564717599311317
2016-02-08,-0.2611291490204124
2016-02-09,-0.2537409484730153
2016-02-10,-0.251706525392688
2016-02-11,-0.2388804184990594
2016-02-12,-0.24079555072946235
2016-02-15,-0.23580537712141947
2016-02-16,-0.23384120063722502
2016-02-17,-0.2316183219413075
2016-02-18,-0.2106863959800922
2016-02-19,-0.23610891908102616
2016-02-22,-0.24740593369637853
2016-02-23,-0.24683166534331846
2016-02-24,-0.23847256426946473
2016-02-25,-0.24112504291423686
2016-02-26,-0.22728691200388962
2016-02-29,-0.25639189936822415
2016-03-01,-0.2781442141162671
2016-03-02,-0.26738976000786785
2016-03-03,-0.2893173947927883
2016-03-04,-0.2888028398804554
2016-03-07,-0.2927663747262983
2016-03-08,-0.29655337227083756
2016-03-09,-0.28430884373263954
2016-03-10,-0.285989274439709
2016-03-11,-0.2748388757945621
2016-03-14,-0.2830467623038988
2016-03-15,-0.28346813273869564
2016-03-16,-0.28064398241926813
2016-03-17,-0.2801760129348372
2016-03-18,-0.2956704714956597
2016-03-21,-0.2983522396004794
2016-03-22,-0.3019334167037391
2016-03-23,-0.2941608993973768
2016-03-24,-0.28555755572899333
2016-03-29,-0.2828978970650535
2016-03-30,-0.2770609919454694
2016-03-31,-0.29287693211197663
2016-04-01,-0.29583682971347613
2016-04-04,-0.28683832724690994
2016-04-05,-0.2864390491057289
2016-04-06,-0.28844606860250366
2016-04-07,-0.2870440820247895
2016-04-08,-0.2898806529753193
2016-04-11,-0.299795625431293
2016-04-12,-0.308249615152171
2016-04-13,-0.31151895592106094
2016-04-14,-0.3156219200195389
2016-04-15,-0.3284758573243227
2016-04-18,-0.32842775462852547
2016-04-19,-0.3313022750835497
2016-04-20,-0.3263083824126989
2016-04-21,-0.32185716768543315
2016-04-22,-0.34281131256447317
2016-04-25,-0.3427137272354619
2016-04-26,-0.3436079192378365
2016-04-27,-0.3406616769938511
2016-04-28,-0.3460918656552652
2016-04-29,-0.3444569319018873
2016-05-02,-0.34348073873225804
2016-05-03,-0.3585046054455283
2016-05-04,-0.360113145343397
2016-05-05,-0.3628882617294238
2016-05-06,-0.3671454879979841
2016-05-09,-0.3721177094037529
2016-05-10,-0.37703759882306986
2016-05-11,-0.367507384368313
2016-05-12,-0.3729446746487115
2016-05-13,-0.37951280397972287
2016-05-16,-0.38115924104546384
2016-05-17,-0.3843135057136591
2016-05-18,-0.3828594673569983
2016-05-19,-0.3791793247597477
2016-05-20,-0.38495428472917315
2016-05-23,-0.3867738030377428
2016-05-24,-0.3869225184455871
2016-05-25,-0.3815985394764425
2016-05-26,-0.3876518304554102
2016-05-27,-0.38469821774036195
2016-05-30,-0.3824763110461884
2016-05-31,-0.39125642212647627
2016-06-01,-0.3934958224906637
2016-06-02,-0.39482119023903195
2016-06-03,-0.39567880488419327
2016-06-06,-0.39363000604608
2016-06-07,-0.39855536214048115
2016-06-08,-0.3619871838787372
2016-06-09,-0.3577543410413906
2016-06-10,-0.3531832284505576
2016-06-13,-0.3257191001692643
2016-06-14,-0.2991777106599498
2016-06-15,-0.29228749900950124
2016-06-16,-0.27015716679426394
2016-06-17,-0.2894994404703626
2016-06-20,-0.3064116714401779
2016-06-21,-0.30546759490528697
2016-06-22,-0.31506145944455266
2016-06-23,-0.31983779520022626
2016-06-24,-0.3435070915144198
2016-06-27,-0.37637729899752514
2016-06-28,-0.4053380811720837
2016-06-29,-0.42340416912005807
2016-06-30,-0.4325697204243548
2016-07-01,-0.4487953965247078
2016-07-04,-0.4681473079917735
2016-07-05,-0.461840391160365
2016-07-06,-0.4573013513564632
2016-07-07,-0.45272010029382503
2016-07-08,-0.4454061221072587
2016-07-11,-0.4468967691139287
2016-07-12,-0.43816931402549386
2016-07-13,-0.4423771617915957
2016-07-14,-0.41614617892882766
2016-07-15,-0.41916518769430855
2016-07-18,-0.4214285237105466
2016-07-19,-0.42399320774293425
2016-07-20,-0.4125685094920497
2016-07-21,-0.405726781089256
2016-07-22,-0.4135717896093887
2016-07-25,-0.41941593172168545
2016-07-26,-0.41714942987304404
2016-07-27,-0.41047147356897895
2016-07-28,-0.4107854688298591
2016-07-29,-0.3941551646053787
2016-08-01,-0.4195429376646045
2016-08-02,-0.4126396472786782
2016-08-03,-0.42414208082072236
2016-08-04,-0.4240507305401646
2016-08-05,-0.4206871633996796
2016-08-08,-0.42831086563108745
2016-08-09,-0.4310910852153915
2016-08-10,-0.4360731411530523
2016-08-11,-0.4329893958379145
2016-08-12,-0.4307798691495055
2016-08-15,-0.4316330334623215
2016-08-16,-0.43834751653461446
2016-08-17,-0.4389530371768231
2016-08-18,-0.4336818860863936
2016-08-19,-0.4372283049157364
2016-08-22,-0.44899986965145366
2016-08-23,-0.4526911228133548
2016-08-24,-0.44586346271151456
2016-08-25,-0.4423443583101747
2016-08-26,-0.441957074825055
2016-08-29,-0.4373640011576896
2016-08-30,-0.44692936808919725
2016-08-31,-0.43642247318361527
2016-09-01,-0.4370280158764466
2016-09-02,-0.440707122287213
2016-09-05,-0.4665196078640701
2016-09-06,-0.47277239125003057
2016-09-07,-0.45849652999642654
2016-09-08,-0.44267256554395473
2016-09-09,-0.4323524357630726
2016-09-12,-0.42103828416734856
2016-09-13,-0.4272922822042027
2016-09-14,-0.43929077075605427
2016-09-15,-0.4451073090525073
2016-09-16,-0.44173193082124484
2016-09-19,-0.45879489822309694
2016-09-20,-0.4635634261564956
2016-09-21,-0.4655552996730661
2016-09-22,-0.4738265280777334
2016-09-23,-0.4479794149803267
2016-09-26,-0.47156389651547315
2016-09-27,-0.4827500336447432
2016-09-28,-0.5007843229939883
2016-09-29,-0.5014431472574037
2016-09-30,-0.5007754913257392
2016-10-03,-0.5326650068179095
2016-10-04,-0.5344601308782275
2016-10-05,-0.5003918111682486
2016-10-06,-0.4803526596742982
2016-10-07,-0.4796331000162013
2016-10-10,-0.4917789360939002
2016-10-11,-0.49735392025930736
2016-10-12,-0.4935307702261609
2016-10-13,-0.5135141058545152
2016-10-14,-0.4721869466644302
2016-10-17,-0.48664415686477547
2016-10-18,-0.48911455999166886
2016-10-19,-0.4885773643146649
2016-10-20,-0.48978329787716746
2016-10-21,-0.5489131218088428
2016-10-24,-0.5491013778799232
2016-10-25,-0.5546994425297758
2016-10-26,-0.5475421033467596
2016-10-27,-0.5254726837887462
2016-10-28,-0.4940702528563703
2016-10-31,-0.4910585291321299
2016-11-01,-0.48232341211233276
2016-11-02,-0.483453042250205
2016-11-03,-0.5002371003479329
2016-11-04,-0.511431629320656
2016-11-07,-0.5291008209355796
2016-11-08,-0.5321125824053752
2016-11-09,-0.5333803895150391
2016-11-10,-0.5041772874514852
2016-11-11,-0.4740661540954152
2016-11-14,-0.4676522934075509
2016-11-15,-0.48348307964286086
2016-11-16,-0.4711654254561015
2016-11-17,-0.4757053062683605
2016-11-18,-0.48309785377843895
2016-11-21,-0.4844387027937129
2016-11-22,-0.4915229084021018
2016-11-23,-0.47301254056190256
2016-11-24,-0.4808006453378084
2016-11-25,-0.47815902628747864
2016-11-28,-0.4766853009476053
2016-11-29,-0.4735358608241844
2016-11-30,-0.4643243553567524
2016-12-01,-0.46222829911964425
2016-12-02,-0.4667239016645892
2016-12-05,-0.48441888697290647
2016-12-06,-0.5035569011473369
2016-12-07,-0.4984912661422145
2016-12-08,-0.49058108729496297
2016-12-09,-0.4978419442685853
2016-12-12,-0.49516049249429006
2016-12-13,-0.45846014483076303
2016-12-14,-0.4474211777567545
2016-12-15,-0.45365329340435423
2016-12-16,-0.5400581821973711
2016-12-19,-0.5272045374099505
2016-12-20,-0.5421370376965715
2016-12-21,-0.5500101086303442
2016-12-22,-0.5073821199871045
2016-12-23,-0.5429486756076711
2016-12-27,-0.5636450904093264
2016-12-28,-0.5489869723510097
2016-12-29,-0.5525670995470193
2016-12-30,-0.5385634797906622
2017-01-02,-0.5075346801372724
2017-01-03,-0.5399344517452889
2017-01-04,-0.5451700707967184
2017-01-05,-0.4953189085264702
2017-01-06,-0.4867540034457649
2017-01-09,-0.49989383203870386
2017-01-10,-0.5067578943680502
2017-01-11,-0.48838579387332626
2017-01-12,-0.47334559348515093
2017-01-13,-0.4853980026371918
2017-01-16,-0.4446370273871576
2017-01-17,-0.46186522683791864
2017-01-18,-0.46257469602675894
2017-01-19,-0.4550020670713746
2017-01-20,-0.4203480548595664
2017-01-23,-0.45214204741476216
2017-01-24,-0.4551864545904021
2017-01-25,-0.42677420771244634
2017-01-26,-0.43392885041429086
2017-01-27,-0.39689357325946784
2017-01-30,-0.3820487468416962
2017-01-31,-0.40640179667895104
2017-02-01,-0.40975367649694405
2017-02-02,-0.4222962023069865
2017-02-03,-0.4196128824057279
2017-02-06,-0.4464368027636514
2017-02-07,-0.4428581070811619
2017-02-08,-0.48781043536011115
2017-02-09,-0.473476754067641
2017-02-10,-0.45647792558517697
2017-02-13,-0.48886976340718125
2017-02-14,-0.48905121490880354
2017-02-15,-0.4847581323492154
2017-02-16,-0.4900416201576565
2017-02-17,-0.507638104870777
2017-02-20,-0.48508935153769794
2017-02-21,-0.4752748209532083
2017-02-22,-0.47742403613626916
2017-02-23,-0.4781060523222065
2017-02-24,-0.4912086395947757
2017-02-27,-0.4825421984203899
2017-02-28,-0.503421513513648
2017-03-01,-0.48828691313467587
2017-03-02,-0.5025351410600258
2017-03-03,-0.5033780284256828
2017-03-06,-0.5268562422220882
2017-03-07,-0.5453287997037979
2017-03-08,-0.5496395361905231
2017-03-09,-0.5573797892081744
2017-03-10,-0.5528021190457846
2017-03-13,-0.5588641296725116
2017-03-14,-0.5495800421788557
2017-03-15,-0.5435013967045572
2017-03-16,-0.5381751237185517
2017-03-17,-0.5341220936144744
2017-03-20,-0.5297985464342041
2017-03-21,-0.5323887503676579
2017-03-22,-0.5298608644789446
2017-03-23,-0.5284994688328339
2017-03-24,-0.5278769041535512
2017-03-27,-0.5283013372936765
2017-03-28,-0.5135875550880726
2017-03-29,-0.50979097740165
2017-03-30,-0.4931670828364556
2017-03-31,-0.4850290067178964
2017-04-03,-0.4867904602503481
2017-04-04,-0.47291494170547566
2017-04-05,-0.4645915250020183
2017-04-06,-0.47401760384816605
2017-04-07,-0.47089747269330307
2017-04-10,-0.4733617264148009
2017-04-11,-0.4705678000071689
2017-04-12,-0.46513523419949987
2017-04-13,-0.468281907797758
2017-04-18,-0.451506634207143
2017-04-19,-0.4588352633642403
2017-04-20,-0.44047948961326266
2017-04-21,-0.45156148928133444
2017-04-24,-0.4838569533182788
2017-04-25,-0.4871135948078251
2017-04-26,-0.48040499019367733
2017-04-27,-0.47961545992551
2017-04-28,-0.4756439710895455
2017-05-02,-0.4792353874417028
2017-05-03,-0.48941528658533606
2017-05-04,-0.49351115255336797
2017-05-05,-0.49284661132693497
2017-05-08,-0.5009617514236169
2017-05-09,-0.4957650351097733
2017-05-10,-0.4917654329787089
2017-05-11,-0.4784496446415245
2017-05-12,-0.47124153308294225
2017-05-15,-0.489917331872304
2017-05-16,-0.4968463682304938
2017-05-17,-0.49969904256737685
2017-05-18,-0.4679541727014307
2017-05-19,-0.4972212606456621
2017-05-22,-0.48581935406518983
2017-05-23,-0.500216602322662
2017-05-24,-0.4966954809084978
2017-05-25,-0.4917635351054601
2017-05-26,-0.49281702433592933
2017-05-29,-0.48972343122335626
2017-05-30,-0.4954039129211667
2017-05-31,-0.5078044113282587
2017-06-01,-0.49948385460757194
2017-06-02,-0.49559654816115817
2017-06-05,-0.49567678850409536
2017-06-06,-0.49856847185337916
2017-06-07,-0.5096459494730405
2017-06-08,-0.492499543742543
2017-06-09,-0.5027529188285351
2017-06-12,-0.5141315446270669
2017-06-13,-0.5050307937124288
2017-06-14,-0.51608263543825
2017-06-15,-0.5095990287640619
2017-06-16,-0.5140253172450464
2017-06-19,-0.5167923057743726
2017-06-20,-0.5151463054758914
2017-06-21,-0.5079654388341819
2017-06-22,-0.5065265249182938
2017-06-23,-0.5191947498486522
2017-06-26,-0.5207048677090711
2017-06-27,-0.5216560269798842
2017-06-28,-0.5181624432395768
2017-06-29,-0.510958086921776
2017-06-30,-0.5095243441710666
2017-07-03,-0.5066714453931844
2017-07-04,-0.509176314128629
2017-07-05,-0.5004655601210937
2017-07-06,-0.5098603221758786
2017-07-07,-0.4897325835477613
2017-07-10,-0.502593195486746
2017-07-11,-0.5099263031860808
2017-07-12,-0.508576110649368
2017-07-13,-0.5118344202695302
2017-07-14,-0.511395537826961
2017-07-17,-0.5158475670310798
2017-07-18,-0.5156658802185081
2017-07-19,-0.5002308025710756
2017-07-20,-0.5042214181569005
2017-07-21,-0.5062567520506889
2017-07-24,-0.5125308426224819
2017-07-25,-0.508962624049178
2017-07-26,-0.5059561653824209
2017-07-27,-0.5129383676570196
2017-07-28,-0.5139074897407836
2017-07-31,-0.5231964192502989
2017-08-01,-0.510944526480217
2017-08-02,-0.5193149632713512
2017-08-03,-0.5174809068285953
2017-08-04,-0.5353716050760857
2017-08-07,-0.530476082235233
2017-08-08,-0.5290399026244073
2017-08-09,-0.5302575509763781
2017-08-10,-0.5265303379775927
2017-08-11,-0.5311203456856957
2017-08-14,-0.5376140513908698
2017-08-15,-0.537435569553053
2017-08-16,-0.5193721445872299
2017-08-17,-0.521083666153765
2017-08-18,-0.5339166096706975
2017-08-21,-0.5349724246644207
2017-08-22,-0.5386430997579827
2017-08-23,-0.5329547149687848
2017-08-24,-0.5257340242705597
2017-08-25,-0.5314201333163524
2017-08-28,-0.5348055315948894
2017-08-29,-0.5328746874191506
2017-08-30,-0.5240662160645506
2017-08-31,-0.5252057374252788
2017-09-01,-0.524720114073447
2017-09-04,-0.5370460369385048
2017-09-05,-0.5415545932796535
2017-09-06,-0.5429733941693051
2017-09-07,-0.5483804697886061
2017-09-08,-0.542043824846699
2017-09-11,-0.5450298410947809
2017-09-12,-0.5209701871006827
2017-09-13,-0.5151396145999456
2017-09-14,-0.5115058064511642
2017-09-15,-0.5127837020540342
2017-09-18,-0.5338936886118173
2017-09-19,-0.5298449096900253
2017-09-20,-0.5345586790746557
2017-09-21,-0.5268416616486258
2017-09-22,-0.5211346974327302
2017-09-25,-0.5315785988592836
2017-09-26,-0.5261600727770412
2017-09-27,-0.5279216892847964
2017-09-28,-0.5294473222709959
2017-09-29,-0.5331286132335542
2017-10-02,-0.5316911620784479
2017-10-03,-0.5347005494180399
2017-10-04,-0.5348387828870713
2017-10-05,-0.5243013831345342
2017-10-06,-0.5201388404431659
2017-10-09,-0.528127182008256
2017-10-10,-0.5344287211065692
2017-10-11,-0.5350760774384389
2017-10-12,-0.5290120024737561
2017-10-13,-0.5382100262426572
2017-10-16,-0.5300284144588083
2017-10-17,-0.5360836796577768
2017-10-18,-0.5225616549650827
2017-10-19,-0.5168732769481874
2017-10-20,-0.5299580996738866
2017-10-23,-0.551514275693175
2017-10-24,-0.5474254094556441
2017-10-25,-0.5451009623773881
2017-10-26,-0.5578990291829369
2017-10-27,-0.5613481461417607
2017-10-30,-0.556978647903418
2017-10-31,-0.5599832303513841
2017-11-01,-0.5644079049703015
2017-11-02,-0.5716688297141133
2017-11-03,-0.5720317965345671
2017-11-06,-0.5824337231888883
2017-11-07,-0.5882659464304414
2017-11-08,-0.5895217162220883
2017-11-09,-0.5847944883408331
2017-11-10,-0.585111529632135
2017-11-13,-0.5793357169464279
2017-11-14,-0.5830803583234907
2017-11-15,-0.5840326429656226
2017-11-16,-0.5844549543297335
2017-11-17,-0.5928057558314137
2017-11-20,-0.5911029632691003
2017-11-21,-0.5960653597538821
2017-11-22,-0.5954802092285814
2017-11-23,-0.5942755272756255
2017-11-24,-0.5797496606552786
2017-11-27,-0.5628857093881754
2017-11-28,-0.5732560009275263
2017-11-29,-0.579629323051563
2017-11-30,-0.5836572074190913
2017-12-01,-0.5893695452314809
2017-12-04,-0.5894067071137572
2017-12-05,-0.5910416201516382
2017-12-06,-0.5900850179564259
2017-12-07,-0.6004023889398864
2017-12-08,-0.6053291310261528
2017-12-11,-0.6089338665538184
2017-12-12,-0.6107118021954125
2017-12-13,-0.6041866961256028
2017-12-14,-0.605388063413467
2017-12-15,-0.6220753445581604
2017-12-18,-0.6416696803302218
2017-12-19,-0.6371096793663931
2017-12-20,-0.6268066257134004
2017-12-21,-0.6251740457536537
2017-12-22,-0.6199301036965856
2017-12-27,-0.6238143952485622
2017-12-28,-0.6031361392890631
2017-12-29,-0.5781728087411979
2018-01-02,-0.5461183243371668
2018-01-03,-0.5554790603112121
2018-01-04,-0.5496031652825897
2018-01-05,-0.5533505838722261
2018-01-08,-0.5453842513994358
2018-01-09,-0.5359605320442222
2018-01-10,-0.5289894357078886
2018-01-11,-0.5058186249646841
2018-01-12,-0.4897034812174983
2018-01-15,-0.5020725496238327
2018-01-16,-0.5211484724831097
2018-01-17,-0.5172025967217087
2018-01-18,-0.5174791898758802
2018-01-19,-0.5203193073115111
2018-01-22,-0.5196877634490082
2018-01-23,-0.5260951353259307
2018-01-24,-0.5218033160554914
2018-01-25,-0.505374407283564
2018-01-26,-0.5113131380340397
2018-01-29,-0.5022049801225812
2018-01-30,-0.5056051325402979
2018-01-31,-0.5175539259255686
2018-02-01,-0.5164375050425711
2018-02-02,-0.512759351624239
2018-02-05,-0.5212585617852188
2018-02-06,-0.5236067411944525
2018-02-07,-0.5228057853755788
2018-02-08,-0.5136770027764097
2018-02-09,-0.5169508093868576
2018-02-12,-0.5297986317068437
2018-02-13,-0.5290648501076891
2018-02-14,-0.5285796114783938
2018-02-15,-0.5240637560483581
2018-02-16,-0.5307806556799815
2018-02-19,-0.5361462804846848
2018-02-20,-0.5354066889076785
2018-02-21,-0.5290330035406017
2018-02-22,-0.5264618369377434
2018-02-23,-0.5157523187046076
2018-02-26,-0.5212296428802903
2018-02-27,-0.5244409044405387
2018-02-28,-0.5204100992241374
2018-03-01,-0.52475558015594
2018-03-02,-0.5267772691759358
2018-03-05,-0.5454287911416067
2018-03-06,-0.5472823319801456
2018-03-07,-0.5460059933504153
2018-03-08,-0.5561251629637383
2018-03-09,-0.5605918824935898
2018-03-12,-0.5615877012837172
2018-03-13,-0.5692264304546133
2018-03-14,-0.572199796918134
2018-03-15,-0.569929176316303
2018-03-16,-0.5724956713264162
2018-03-19,-0.5701091480288043
2018-03-20,-0.5570499939793732
2018-03-21,-0.5483581874592689
2018-03-22,-0.5535035207754309
2018-03-23,-0.5446746165749805
2018-03-26,-0.558109922796636
2018-03-27,-0.5528061897976628
2018-03-28,-0.5497509755159955
2018-03-29,-0.546101222326425
2018-04-03,-0.5381524549971042
2018-04-04,-0.5287530733994865
2018-04-05,-0.5330989452959036
2018-04-06,-0.5416891604244762
2018-04-09,-0.5385316731521361
2018-04-10,-0.5372564647125637
2018-04-11,-0.5368743976310588
2018-04-12,-0.5382282393537925
2018-04-13,-0.5405617437483548
2018-04-16,-0.5345138021464884
2018-04-17,-0.5331790112785022
2018-04-18,-0.5263000090885801
2018-04-19,-0.51910051219041
2018-04-20,-0.5282308034183756
2018-04-23,-0.5263100453203986
2018-04-24,-0.519776998228989
2018-04-25,-0.5233127247154732
2018-04-26,-0.5242807287159481
2018-04-27,-0.5207630825262171
2018-04-30,-0.5207314170663029
2018-05-02,-0.5186387058145661
2018-05-03,-0.5235149065184554
2018-05-04,-0.5165450433024303
2018-05-07,-0.5212180688355428
2018-05-08,-0.5164584481822847
2018-05-09,-0.5137798780741778
2018-05-10,-0.5114102128379172
2018-05-11,-0.5114529910613883
2018-05-14,-0.5090451666667501
2018-05-15,-0.5082258220655409
2018-05-16,-0.48994693905921816
2018-05-17,-0.5005588490982298
2018-05-18,-0.49056210085500496
2018-05-21,-0.48068101308900824
2018-05-22,-0.48430986432930734
2018-05-23,-0.4779079033216118
2018-05-24,-0.46563378192335536
2018-05-25,-0.42988321869140567
2018-05-28,-0.3751595098350382
2018-05-29,-0.1353876193728656
2018-05-30,-0.2906588409635824
2018-05-31,-0.34924466545799326
2018-06-01,-0.37789470647432566
2018-06-04,-0.3716413823011031
2018-06-05,-0.3726052773942943
2018-06-06,-0.30900117986132214
2018-06-07,-0.3004371019991898
2018-06-08,-0.2776695483179412
2018-06-11,-0.33640825656105866
2018-06-12,-0.3514923194145969
2018-06-13,-0.3550915747742296
2018-06-14,-0.36761569408568473
2018-06-15,-0.39361394712433406
2018-06-18,-0.4249675569334259
2018-06-19,-0.4304713820794299
2018-06-20,-0.43427228041545884
2018-06-21,-0.3908511034936726
2018-06-22,-0.385086148965174
2018-06-25,-0.37952292304950497
2018-06-26,-0.37963230951937277
2018-06-27,-0.38371638522245943
2018-06-28,-0.38335305305257883
2018-06-29,-0.3965659112741817
2018-07-02,-0.4049472755410426
2018-07-03,-0.41867440254268806
2018-07-04,-0.4068120894405216
2018-07-05,-0.3930552094182205
2018-07-06,-0.4000364528733287
2018-07-09,-0.3988651310553255
2018-07-10,-0.4032823670983694
2018-07-11,-0.38410249188543255
2018-07-12,-0.39173066389379185
2018-07-13,-0.40825974903253925
2018-07-16,-0.40527539783720634
2018-07-17,-0.4227264365568417
2018-07-18,-0.4095530123502211
2018-07-19,-0.42609155778172525
2018-07-20,-0.4031728781214077
2018-07-23,-0.39861649873447647
2018-07-24,-0.3572770944601946
2018-07-25,-0.39223910933301287
2018-07-26,-0.3891203788266333
2018-07-27,-0.3805543164980203
2018-07-30,-0.36844821715787646
2018-07-31,-0.3666915351859896
2018-08-01,-0.3564973766928152
2018-08-02,-0.3440023488957067
2018-08-03,-0.3352549313300588
2018-08-06,-0.3547753175754771
2018-08-07,-0.3688542968760915
2018-08-08,-0.3733397721379861
2018-08-09,-0.35967101391769907
2018-08-10,-0.3335538461086709
2018-08-13,-0.3187826790604662
2018-08-14,-0.3222092115372597
2018-08-15,-0.3196282373671324
2018-08-16,-0.3084449635422515
2018-08-17,-0.3014449843903497
2018-08-20,-0.33078714210175475
2018-08-21,-0.34691600025127833
2018-08-22,-0.3967136778528726
2018-08-23,-0.385550647583496
2018-08-24,-0.36858994060568584
2018-08-27,-0.3341539909328475
2018-08-28,-0.3870764146551049
2018-08-29,-0.32831653542689443
2018-08-30,-0.31777415115324326
2018-08-31,-0.2569384686046474
2018-09-03,-0.299504740280677
2018-09-04,-0.3420664357868457
2018-09-05,-0.3350449784808758
2018-09-06,-0.3651199848272868
2018-09-07,-0.36575241857205354
2018-09-10,-0.3832807661813753
2018-09-11,-0.38976698555272726
2018-09-12,-0.3641933401709152
2018-09-13,-0.3792844974909455
2018-09-14,-0.34965797335026183
2018-09-17,-0.35828582860746083
2018-09-18,-0.37737508243161866
2018-09-19,-0.37029262830699006
2018-09-20,-0.32122144778831574
2018-09-21,-0.33809394783140867
2018-09-24,-0.3257238174904078
2018-09-25,-0.33009419697477416
2018-09-26,-0.35061104729478476
2018-09-27,-0.320481126520725
2018-09-28,-0.28392769368161597
2018-10-01,-0.35704499419126856
2018-10-02,-0.3361795563927972
2018-10-03,-0.36268285440614756
2018-10-04,-0.35844470603721046
2018-10-05,-0.32597877314847157
2018-10-08,-0.299658384725503
2018-10-09,-0.3049429200679197
2018-10-10,-0.31835456817337127
2018-10-11,-0.2905263678842207
2018-10-12,-0.30567560063287447
2018-10-15,-0.3031904271544459
2018-10-16,-0.3323763532143671
2018-10-17,-0.3547760031098308
2018-10-18,-0.3282741786663217
2018-10-19,-0.29993169111724916
2018-10-22,-0.32701620600579107
2018-10-23,-0.32405731739106036
2018-10-24,-0.31915413542865156
2018-10-25,-0.33601284279590216
2018-10-26,-0.3200826025724077
2018-10-29,-0.3555519311658839
2018-10-30,-0.3274646720937344
2018-10-31,-0.32343349680605993
2018-11-01,-0.3294011973409423
2018-11-02,-0.4073407110320426
2018-11-05,-0.4266227067618189
2018-11-06,-0.45111973678489425
2018-11-07,-0.45618084862880526
2018-11-08,-0.42936148115119677
2018-11-09,-0.4371912745618296
2018-11-12,-0.4330371232748025
2018-11-13,-0.4310062907490795
2018-11-14,-0.4230639847219675
2018-11-15,-0.42401646914283697
2018-11-16,-0.4165290790266525
2018-11-19,-0.3894425598780944
2018-11-20,-0.3749207471264677
2018-11-21,-0.412537390401976
2018-11-22,-0.41274896142407336
2018-11-23,-0.41709105395027235
2018-11-26,-0.43511789709496806
2018-11-27,-0.40140624008411185
2018-11-28,-0.3971683732413549
2018-11-29,-0.40157100830250725
2018-11-30,-0.40125883559089903
2018-12-03,-0.41439595551261643
2018-12-04,-0.39618731599614154
2018-12-05,-0.3948813212727864
2018-12-06,-0.3773004241478186
2018-12-07,-0.3580959843546587
2018-12-10,-0.3815616121971539
2018-12-11,-0.37313721095457675
2018-12-12,-0.3793188513637351
2018-12-13,-0.40626871070352655
2018-12-14,-0.4075696469305288
2018-12-17,-0.4199736555490454
2018-12-18,-0.41566591901697647
2018-12-19,-0.4500469681208088
2018-12-20,-0.46551419356877677
2018-12-21,-0.45687280621111714
2018-12-27,-0.3916994956230334
2018-12-28,-0.39577744710580887
2019-01-02,-0.363165563036829
2019-01-03,-0.3391782590271646
2019-01-04,-0.34739074492151356
2019-01-07,-0.37325336814652443
2019-01-08,-0.3768319783210412
2019-01-09,-0.361786298594273
2019-01-10,-0.3389660757391705
2019-01-11,-0.34717440957966184
2019-01-14,-0.35647869389894105
2019-01-15,-0.35981383135109524
2019-01-16,-0.37031666096771176
2019-01-17,-0.36903621594891234
2019-01-18,-0.37066762222501437
2019-01-21,-0.37070293501806173
2019-01-22,-0.3775512732228591
2019-01-23,-0.372776074772182
2019-01-24,-0.3737125171949899
2019-01-25,-0.35686595116131214
2019-01-28,-0.33017196139524296
2019-01-29,-0.3453271473615408
2019-01-30,-0.35947257622811
2019-01-31,-0.34291523400805024
2019-02-01,-0.3232709727728392
2019-02-04,-0.3461786831829201
2019-02-05,-0.35166250753657313
2019-02-06,-0.32332844542161865
2019-02-07,-0.3208695333151994
2019-02-08,-0.3027631444468971
2019-02-11,-0.3243940841766728
2019-02-12,-0.31703164146988283
2019-02-13,-0.3341285308375601
2019-02-14,-0.328298691608092
2019-02-15,-0.3202644000939716
2019-02-18,-0.34404535399106273
2019-02-19,-0.33447946677876406
2019-02-20,-0.32492070674769835
2019-02-21,-0.3246039191689579
2019-02-22,-0.3256358350182159
2019-02-25,-0.3301476890649816
2019-02-26,-0.3472578998195557
2019-02-27,-0.29844040976173847
2019-02-28,-0.3047030941606391
2019-03-01,-0.32903735636867915
2019-03-04,-0.3542400202528987
2019-03-05,-0.3665248587641158
2019-03-06,-0.3729157115896057
2019-03-07,-0.36780393720962623
2019-03-08,-0.37821355607135787
2019-03-11,-0.3639771221586695
2019-03-12,-0.36246444210976414
2019-03-13,-0.35232515445868073
2019-03-14,-0.3638072336036906
2019-03-15,-0.37507308436002273
2019-03-18,-0.3966327396999352
2019-03-19,-0.3949727720752214
2019-03-20,-0.3919836724165717
2019-03-21,-0.3799938426841384
2019-03-22,-0.37969761621135156
2019-03-25,-0.3905095511604706
2019-03-26,-0.39164498131138203
2019-03-27,-0.3822440476204326
2019-03-28,-0.3602672967640247
2019-03-29,-0.3737684557260432
2019-04-01,-0.3829016500591228
2019-04-02,-0.3828094632878556
2019-04-03,-0.3910927237180053
2019-04-04,-0.3833170827811282
2019-04-05,-0.3794127208230429
2019-04-08,-0.3593881293905238
2019-04-09,-0.3676231912560901
2019-04-10,-0.35646236470908366
2019-04-11,-0.3302846278225089
2019-04-12,-0.36929851136279124
2019-04-15,-0.33357813786719426
2019-04-16,-0.3188680810773441
2019-04-17,-0.3269571159093996
2019-04-18,-0.3285545116224412
2019-04-23,-0.2951606255090642
2019-04-24,-0.31142412706712275
2019-04-25,-0.30436822074732583
2019-04-26,-0.30962943082253336
2019-04-29,-0.32469204521846784
2019-04-30,-0.32789989234799377
2019-05-02,-0.3567696743421882
2019-05-03,-0.3671804294301936
2019-05-06,-0.37892809479870815
2019-05-07,-0.3821421081052121
2019-05-08,-0.3747462442156455
2019-05-09,-0.3735663090921001
2019-05-10,-0.36555230979595366
2019-05-13,-0.36434980490666846
2019-05-14,-0.3633758986487531
2019-05-15,-0.35624898690250495
2019-05-16,-0.3596522876045819
2019-05-17,-0.36538141691326076
2019-05-20,-0.3605327101594502
2019-05-21,-0.359826412203086
2019-05-22,-0.36050111798991247
2019-05-23,-0.36341118738932
2019-05-24,-0.37439806284725263
2019-05-27,-0.362682744350011
2019-05-28,-0.33756543153765917
2019-05-29,-0.3543612536431213
2019-05-30,-0.35436125364316184
2019-05-31,-0.35063220867362577
2019-06-03,-0.33883997417841616
2019-06-04,-0.3480216497876145
2019-06-05,-0.3463008988458053
2019-06-06,-0.34284615379101946
2019-06-07,-0.3634533790507899
2019-06-10,-0.3651620446527011
2019-06-11,-0.3678793873771199
2019-06-12,-0.35985731545815525
2019-06-13,-0.34264100305447986
2019-06-14,-0.3555887976279303
2019-06-17,-0.3646537230203115
2019-06-18,-0.4012688327392008
2019-06-19,-0.391376929742286
2019-06-20,-0.4017477712265256
2019-06-21,-0.3906787598240028
2019-06-24,-0.3982548896460699
2019-06-25,-0.39478030525231456
2019-06-26,-0.39478030525223495
2019-06-27,-0.3966592525121444
2019-06-28,-0.40251103239388963
2019-07-01,-0.4208347761578435
2019-07-02,-0.4414792901956891
2019-07-03,-0.45906222006726405
2019-07-04,-0.44826119700569467
2019-07-05,-0.43433319807046034
2019-07-08,-0.44530384077498164
2019-07-09,-0.4415930210727089
2019-07-10,-0.43183506069566147
2019-07-11,-0.4491015140521777
2019-07-12,-0.43921502320018035
2019-07-15,-0.44716010687252605
2019-07-16,-0.46793040600128866
2019-07-17,-0.47217193998938
2019-07-18,-0.4664829707508862
2019-07-19,-0.44584421562445153
2019-07-22,-0.4458429252508207
2019-07-23,-0.45443025772860124
2019-07-24,-0.4636517711151046
2019-07-25,-0.4504906191917707
2019-07-26,-0.44007992490616876
2019-07-29,-0.43967608919677637
2019-07-30,-0.4276766776823764
2019-07-31,-0.4642171483363936
2019-08-01,-0.46291633970025714
2019-08-02,-0.45929147409492355
2019-08-05,-0.45902244762086597
2019-08-06,-0.45342240363672714
2019-08-07,-0.45757285475759046
2019-08-08,-0.42826280204930467
2019-08-09,-0.4162562669601215
2019-08-12,-0.43758208122934605
2019-08-13,-0.447180355312501
2019-08-14,-0.4511898016677527
2019-08-15,-0.48162076467915527
2019-08-16,-0.4873984219366705
2019-08-19,-0.4850584170720066
2019-08-20,-0.5004362391793784
2019-08-21,-0.5059346965303508
2019-08-22,-0.4894350164084329
2019-08-23,-0.4944020974210178
2019-08-26,-0.5009851928651053
2019-08-27,-0.5312796245891508
2019-08-28,-0.5350211922036822
2019-08-29,-0.5540805770961061
2019-08-30,-0.5377078317523855
2019-09-02,-0.5457925007592993
2019-09-03,-0.5766017369557754
2019-09-04,-0.5830795777852498
2019-09-05,-0.585312258923751
2019-09-06,-0.5939116063358902
2019-09-09,-0.5810624763844663
2019-09-10,-0.5730650679036561
2019-09-11,-0.5639985236420866
2019-09-12,-0.5573212285583775
2019-09-13,-0.45757537914983015
2019-09-16,-0.5109887761468932
2019-09-17,-0.5165444683125466
2019-09-18,-0.5128658264146475
2019-09-19,-0.4999915742889951
2019-09-20,-0.5026737335573674
2019-09-23,-0.5121650367398682
2019-09-24,-0.5080589716305168
2019-09-25,-0.5022299194921394
2019-09-26,-0.5021026768810721
2019-09-27,-0.5049659440385283
2019-09-30,-0.5218167331519517
2019-10-01,-0.5304123693555498
2019-10-02,-0.5279878711177637
2019-10-03,-0.5284141481065541
2019-10-04,-0.5240241663788447
2019-10-07,-0.520663627096547
2019-10-08,-0.5153730916626904
2019-10-09,-0.5121690340696679
2019-10-10,-0.501620931578691
2019-10-11,-0.5086045760611095
2019-10-14,-0.4961291708911115
2019-10-15,-0.497951430376413
2019-10-16,-0.48508997878267823
2019-10-17,-0.4724105887720852
2019-10-18,-0.4688750506362406
2019-10-21,-0.47141428398865326
2019-10-22,-0.4689527334740191
2019-10-23,-0.4646471675914229
2019-10-24,-0.47358984310589336
2019-10-25,-0.4667042106860425
2019-10-28,-0.4784274996340758
2019-10-29,-0.4776084612702254
2019-10-30,-0.47566293657402814
2019-10-31,-0.48459285874467195
2019-11-01,-0.4781867159207078
2019-11-04,-0.5040481597138657
2019-11-05,-0.5031135580290833
2019-11-06,-0.4960335383982166
2019-11-07,-0.5011378393183522
2019-11-08,-0.4933253045832229
2019-11-11,-0.4849790013113635
2019-11-12,-0.4852288944695864
2019-11-13,-0.48113239056109425
2019-11-14,-0.48182506406490677
2019-11-15,-0.4736614918397728
2019-11-18,-0.4872951698769523
2019-11-19,-0.48302323076207654
2019-11-20,-0.482084316789851
2019-11-21,-0.4745033520825175
2019-11-22,-0.48016299179222244
2019-11-25,-0.4874868382472778
2019-11-26,-0.4871602014618235
2019-11-27,-0.4854874066365322
2019-11-28,-0.4903214697188397
2019-11-29,-0.49106826570518913
2019-12-02,-0.5087639813636361
2019-12-03,-0.5176519574503002
2019-12-04,-0.5228030126138036
2019-12-05,-0.5142581844940649
2019-12-06,-0.5224458533146081
2019-12-09,-0.5245163511849509
2019-12-10,-0.5274383108434737
2019-12-11,-0.5225811400200312
2019-12-12,-0.513478079974881
2019-12-13,-0.5151464051930106
2019-12-16,-0.508018142559154
2019-12-17,-0.5074665164352399
2019-12-18,-0.5137143470334428
2019-12-19,-0.5130299196738558
2019-12-20,-0.49956858350695255
2019-12-23,-0.5138397909325368
2019-12-27,-0.5050341744193856
2019-12-30,-0.5141181346003496
2020-01-02,-0.4805026861878118
2020-01-03,-0.5061636611061897
2020-01-06,-0.5129446090832926
2020-01-07,-0.5159500898210279
2020-01-08,-0.508681318987995
2020-01-09,-0.49814022581896733
2020-01-10,-0.5065014845157116
2020-01-13,-0.48158707982627424
2020-01-14,-0.49086632321890755
2020-01-15,-0.4876175445491072
2020-01-16,-0.47998163025196705
2020-01-17,-0.47008747923789296
2020-01-20,-0.45722758695725463
2020-01-21,-0.452508539507787
2020-01-22,-0.45348385785931977
2020-01-23,-0.4562157505975296
2020-01-24,-0.4545873879676676
2020-01-27,-0.4736139813967233
2020-01-28,-0.47796573046302104
2020-01-29,-0.4848492976316635
2020-01-30,-0.48368540463373244
2020-01-31,-0.5014014812437071
2020-02-03,-0.5110056050786514
2020-02-04,-0.5160302694109188
2020-02-05,-0.5095206200367477
2020-02-06,-0.4959134235799749
2020-02-07,-0.505105047650908
2020-02-10,-0.513062280107998
2020-02-11,-0.5164035250993507
2020-02-12,-0.5159168302692532
2020-02-13,-0.5227151372924999
2020-02-14,-0.5229970776955444
2020-02-17,-0.5187840082661539
2020-02-18,-0.5171813509260592
2020-02-19,-0.5086209258094778
2020-02-20,-0.5149365243862838
2020-02-21,-0.5069752069738893
2020-02-24,-0.5145332932172126
2020-02-25,-0.514794063407575
2020-02-26,-0.5247104857507524
2020-02-27,-0.5165078898322913
2020-02-28,-0.5158902302769917
2020-03-02,-0.5252269081734948
2020-03-03,-0.5116406670037288
2020-03-04,-0.5361559460856902
2020-03-05,-0.5338890615471081
2020-03-06,-0.5348081634924187
2020-03-09,-0.49558091840375595
2020-03-10,-0.48692271047806956
2020-03-11,-0.4742349642192908
2020-03-12,-0.5044416634543696
2020-03-13,-0.3607304742020384
2020-03-16,-0.32538612123058275
2020-03-17,-0.28075238973421546
2020-03-18,-0.23907885531856998
2020-03-19,-0.2694389875927218
2020-03-20,-0.31232104920585346
2020-03-23,-0.32218066834898396
2020-03-24,-0.29578800907858227
2020-03-25,-0.2861085188969882
2020-03-26,-0.3905292248628288
2020-03-27,-0.397290056019901
2020-03-30,-0.37290384129743925
2020-03-31,-0.34973191951461846
2020-04-01,-0.3323009896268845
2020-04-02,-0.32473009908995165
2020-04-03,-0.30985460981244284
2020-04-06,-0.27201220126319636
2020-04-07,-0.2716078456402373
2020-04-08,-0.2059920427409172
2020-04-09,-0.22166679664696287
2020-04-14,-0.21097588117395183
2020-04-15,-0.11937419839925612
2020-04-16,-0.14606699448696014
2020-04-17,-0.1772124966786942
2020-04-20,-0.19612217489040096
2020-04-21,-0.20608775374436916
2020-04-22,-0.17263948481089464
2020-04-23,-0.21181639821474751
2020-04-24,-0.22253091143287462
2020-04-27,-0.24179610527084516
2020-04-28,-0.29786193304624786
2020-04-29,-0.32456452530244806
2020-04-30,-0.32340688084395935
2020-05-04,-0.3303286558005522
2020-05-05,-0.33491817108084065
2020-05-06,-0.3194675148117199
2020-05-07,-0.3212701094580726
2020-05-08,-0.33919608042424226
2020-05-11,-0.3804952593399366
2020-05-12,-0.40070993491019957
2020-05-13,-0.396036443630341
2020-05-14,-0.34517291828849084
2020-05-15,-0.3181678569787873
2020-05-18,-0.3669653466973558
2020-05-19,-0.38858171446469947
2020-05-20,-0.3876222877611225
2020-05-21,-0.39052647299226806
2020-05-22,-0.3952023160954534
2020-05-25,-0.4177379496195527
2020-05-26,-0.4005291533321086
2020-05-27,-0.3983561492041916
2020-05-28,-0.400507267567596
2020-05-29,-0.4033352623965265
2020-06-01,-0.41893803352385417
2020-06-02,-0.45155658526503106
2020-06-03,-0.4427800779044224
2020-06-04,-0.454277335384345
2020-06-05,-0.4378101137845877
2020-06-08,-0.4432031065870675
2020-06-09,-0.4352432431015957
2020-06-10,-0.4099796075834028
2020-06-11,-0.42046285555406226
2020-06-12,-0.42662471794800494
2020-06-15,-0.43716810636187664
2020-06-16,-0.4481001614482093
2020-06-17,-0.44475666057673047
2020-06-18,-0.4483912537141713
2020-06-19,-0.45941944895215037
2020-06-22,-0.4794814059486119
2020-06-23,-0.48971477447744605
2020-06-24,-0.48356919059472936
2020-06-25,-0.4958628952451054
2020-06-26,-0.4848566955195477
2020-06-29,-0.47547103811788693
2020-06-30,-0.47588322749839673
2020-07-01,-0.48252443186561667
2020-07-02,-0.4806550559336973
2020-07-03,-0.4734048699476624
2020-07-06,-0.49218938996962536
2020-07-07,-0.49129884145916003
2020-07-08,-0.48477108691520643
2020-07-09,-0.4864675002819312
2020-07-10,-0.47573985153477916
2020-07-13,-0.4734764005718636
2020-07-14,-0.4701858544931843
2020-07-15,-0.47286028849907014
2020-07-16,-0.4754652311249046
2020-07-17,-0.477948880990697
2020-07-20,-0.4837670139292307
2020-07-21,-0.4844015724752053
2020-07-22,-0.49073592686166234
2020-07-23,-0.4883700837744983
2020-07-24,-0.49177611338436866
2020-07-27,-0.4816013957541616
2020-07-28,-0.48673927677489426
2020-07-29,-0.48420174295044516
2020-07-30,-0.48713243182421373
2020-07-31,-0.4889451568903409
2020-08-03,-0.5067315530229829
2020-08-04,-0.5130843929184414
2020-08-05,-0.5059845941694244
2020-08-06,-0.5096566549427226
2020-08-07,-0.507402587293623
2020-08-10,-0.5077281162991769
2020-08-11,-0.5051369534396272
2020-08-12,-0.5022911864923634
2020-08-13,-0.4900050428328212
2020-08-14,-0.4955254048654333
2020-08-17,-0.5035644032370694
2020-08-18,-0.5108980476980209
2020-08-19,-0.5131743578897384
2020-08-20,-0.5126455228382605
2020-08-21,-0.5087786555327858
2020-08-24,-0.5075545294524354
2020-08-25,-0.4983337309927157
2020-08-26,-0.5019266469485233
2020-08-27,-0.5184174056564373
2020-08-28,-0.5280360609572436
2020-08-31,-0.5246293084583211
2020-09-01,-0.5293848812784164
2020-09-02,-0.5314555923349243
2020-09-03,-0.5369997968330694
2020-09-04,-0.5442017274443003
2020-09-07,-0.5310273376836251
2020-09-08,-0.5309719177868077
2020-09-09,-0.5301287491071318
2020-09-10,-0.5315897015283206
2020-09-11,-0.5286749511691597
2020-09-14,-0.5223454513693113
2020-09-15,-0.5230871050572784
2020-09-16,-0.5270734447770665
2020-09-17,-0.5420041489265075
2020-09-18,-0.5340713371222034
2020-09-21,-0.5334722807684351
2020-09-22,-0.5418729879160133
2020-09-23,-0.5398368450293473
2020-09-24,-0.5326188348510827
2020-09-25,-0.5240573138131406
2020-09-28,-0.5547703872684907
2020-09-29,-0.549861421465206
2020-09-30,-0.5525097238626693
2020-10-01,-0.5462935112215408
2020-10-02,-0.5562904054484223
2020-10-05,-0.5592566266924033
2020-10-06,-0.5695442857607941
2020-10-07,-0.5650159241048223
2020-10-08,-0.5810464365787081
2020-10-09,-0.5908034935963884
2020-10-12,-0.592684536712593
2020-10-13,-0.612621448229964
2020-10-14,-0.6196579689878239
2020-10-15,-0.6114219072786675
2020-10-16,-0.6075351863307339
2020-10-19,-0.614738113071712
2020-10-20,-0.6118275843986722
2020-10-21,-0.6112635427609617
2020-10-22,-0.6209921016798963
2020-10-23,-0.6184869219489404
2020-10-26,-0.6139003496501345
2020-10-27,-0.6142918387706037
2020-10-28,-0.6164263166813179
2020-10-29,-0.6217880417914071
2020-10-30,-0.6189865269413024
2020-11-02,-0.6192313617048975
2020-11-03,-0.6208086691391216
2020-11-04,-0.6128012873216793
2020-11-05,-0.6168507115686653
2020-11-06,-0.6113225231882723
2020-11-09,-0.5986744363380214
2020-11-10,-0.5962877540929701
2020-11-11,-0.6011224685198263
2020-11-12,-0.5969046016150307
2020-11-13,-0.6044230592493999
2020-11-16,-0.5991001595764569
2020-11-17,-0.6031116077190104
2020-11-18,-0.6092764686686796
2020-11-19,-0.6105675310119651
2020-11-20,-0.6127854199060644
2020-11-23,-0.6148857662543723
2020-11-24,-0.6147240884098134
2020-11-25,-0.6137118693846594
2020-11-26,-0.6153787475860418
2020-11-27,-0.6221939617909547
2020-11-30,-0.6239696197696621
2020-12-01,-0.6230093907495323
2020-12-02,-0.6167997529411218
2020-12-03,-0.6275769060160056
2020-12-04,-0.6524005554311693
2020-12-07,-0.6551865283249467
2020-12-08,-0.6589197836824682
2020-12-09,-0.6578245047750699
2020-12-10,-0.6590938749133899
2020-12-11,-0.6640607212965156
2020-12-14,-0.6653433362512126
2020-12-15,-0.6665962328042631
2020-12-16,-0.6476160837295087
2020-12-17,-0.652468016497865
2020-12-18,-0.6427177839627988
2020-12-21,-0.6636965669372074
2020-12-22,-0.6561471059296649
2020-12-23,-0.6534823692913517
2020-12-28,-0.6625097916614534
2020-12-29,-0.6688826058606873
2020-12-30,-0.6628510036516444
2021-01-04,-0.6069010348620154
2021-01-05,-0.6095852056211307
2021-01-06,-0.606636663259204
2021-01-07,-0.6098235612080651
2021-01-08,-0.6017174452329103
2021-01-11,-0.5957368941369394
2021-01-12,-0.5747678361909826
2021-01-13,-0.568919642528356
2021-01-14,-0.5599107950548492
2021-01-15,-0.5696673035124538
2021-01-18,-0.574087998853252
2021-01-19,-0.5775155758343695
2021-01-20,-0.5747764265024012
2021-01-21,-0.5670259775642345
2021-01-22,-0.5546931964466274
2021-01-25,-0.5647385954577956
2021-01-26,-0.5676059314444939
2021-01-27,-0.569049632154484
2021-01-28,-0.5697395970194232
2021-01-29,-0.570976846988239
2021-02-01,-0.5733085178652813
2021-02-02,-0.5707784265284249
2021-02-03,-0.5762298214807282
2021-02-04,-0.5767124445717806
2021-02-05,-0.5753494039074118
2021-02-08,-0.5798493918269207
2021-02-09,-0.5821569410277416
2021-02-10,-0.5802918085944382
2021-02-11,-0.5778792047461779
2021-02-12,-0.5788688068948188
2021-02-15,-0.5735990669073112
2021-02-16,-0.5698139795677643
2021-02-17,-0.5611057979737207
2021-02-18,-0.5386173875298139
2021-02-19,-0.5468283232780141
2021-02-22,-0.5628456814481511
2021-02-23,-0.5589060383277811
2021-02-24,-0.553661564411588
2021-02-25,-0.5368544356975566
2021-02-26,-0.5361966453434703
2021-03-01,-0.5455340996448517
2021-03-02,-0.5576345055277513
2021-03-03,-0.5580497355943377
2021-03-04,-0.565294119276577
2021-03-05,-0.5643967199098164
2021-03-08,-0.5680831477956543
2021-03-09,-0.5673706379250006
2021-03-10,-0.5679383074407509
2021-03-11,-0.5686239893358733
2021-03-12,-0.5663955974560282
2021-03-15,-0.5700003716820927
2021-03-16,-0.5789476609726955
2021-03-17,-0.5763171625100112
2021-03-18,-0.5813274832708532
2021-03-19,-0.5824049044398578
2021-03-22,-0.5886125856797207
2021-03-23,-0.5900989621701163
2021-03-24,-0.5898912892240444
2021-03-25,-0.592131024139475
2021-03-26,-0.5862794472413195
2021-03-29,-0.591869819837515
2021-03-30,-0.5901196002382211
2021-03-31,-0.5985089352293734
2021-04-01,-0.6007496532001051
2021-04-06,-0.5965721628640682
2021-04-07,-0.5968786974794817
2021-04-08,-0.6015032579007665
2021-04-09,-0.5983635660618187
2021-04-12,-0.5979693543216847
2021-04-13,-0.598926193446367
2021-04-14,-0.5988598041149696
2021-04-15,-0.5938612502763132
2021-04-16,-0.5900746749997215
2021-04-19,-0.5936862224795676
2021-04-20,-0.5949652035929655
2021-04-21,-0.5951207483539459
2021-04-22,-0.5977254827287108
2021-04-23,-0.5974942340886535
2021-04-26,-0.5949634033384092
2021-04-27,-0.594490721464274
2021-04-28,-0.5866372112161408
2021-04-29,-0.5785184019949062
2021-04-30,-0.588055841097388
2021-05-03,-0.5968137832680351
2021-05-04,-0.6002201470157219
2021-05-05,-0.5979410068927038
2021-05-06,-0.5937027503299319
2021-05-07,-0.5907382467270672
2021-05-10,-0.6000239702691119
2021-05-11,-0.6003978420029208
2021-05-12,-0.593259334367991
2021-05-13,-0.5950315369483444
2021-05-14,-0.595360722750943
2021-05-17,-0.585952782630708
2021-05-18,-0.5924663952047526
2021-05-19,-0.5906866521878559
2021-05-20,-0.5997412733943811
2021-05-21,-0.6010753787603488
2021-05-24,-0.5979135661656113
2021-05-25,-0.6033572515780086
2021-05-26,-0.6002416717623233
2021-05-27,-0.5998699455293143
2021-05-28,-0.595324547426251
2021-05-31,-0.5988338497277836
2021-06-01,-0.6030798722027282
2021-06-02,-0.6018323650662376
2021-06-03,-0.6092381529646874
2021-06-04,-0.6110005267235434
2021-06-07,-0.6110392312324273
2021-06-08,-0.608593154086955
2021-06-09,-0.6064227792101592
2021-06-10,-0.611281331939264
2021-06-11,-0.6145098065486062
2021-06-14,-0.6158544641915689
2021-06-15,-0.6178103011359551
2021-06-16,-0.6143360874710871
2021-06-17,-0.618352370824936
2021-06-18,-0.614285187549892
2021-06-21,-0.6098637777338585
2021-06-22,-0.6091843782651332
2021-06-23,-0.6094653241957476
2021-06-24,-0.6068248900363575
2021-06-25,-0.611173327878203
2021-06-28,-0.6040084704001462
2021-06-29,-0.6051737602769545
2021-06-30,-0.6010907450884659
2021-07-01,-0.5997618832150716
2021-07-02,-0.5993223601057288
2021-07-05,-0.600357483033124
2021-07-06,-0.5993040028431091
2021-07-07,-0.599388683039582
2021-07-08,-0.6031358699661096
2021-07-09,-0.5977004457352626
2021-07-12,-0.6018773992368093
2021-07-13,-0.6027423906380636
2021-07-14,-0.6022943353289291
2021-07-15,-0.6022836675665819
2021-07-16,-0.6038384558769416
2021-07-19,-0.6074153152801071
2021-07-20,-0.6139166496634498
2021-07-21,-0.6146323234955151
2021-07-22,-0.6209588643963517
2021-07-23,-0.6273005420396373
2021-07-26,-0.627244385305581
2021-07-27,-0.6280944888197638
2021-07-28,-0.6287829392590712
2021-07-29,-0.6302942055123725
2021-07-30,-0.6238932184709619
2021-08-02,-0.641606095459165
2021-08-03,-0.6432981097422139
2021-08-04,-0.6491073587777854
2021-08-05,-0.6493460858752347
2021-08-06,-0.6433305636487046
2021-08-09,-0.647063063949758
2021-08-10,-0.6477800631441665
2021-08-11,-0.6471587304357489
2021-08-12,-0.6477811864518193
2021-08-13,-0.6456548673373332
2021-08-16,-0.6356003815281642
2021-08-17,-0.6345184616238417
2021-08-18,-0.638260635751814
2021-08-19,-0.6407088088518785
2021-08-20,-0.640484533175298
2021-08-23,-0.6417085810864951
2021-08-24,-0.6411455304309043
2021-08-25,-0.6346460859738333
2021-08-26,-0.6301046369125387
2021-08-27,-0.6311408475125388
2021-08-30,-0.6332122042354532
2021-08-31,-0.6398081553170449
2021-09-01,-0.634386057407419
2021-09-02,-0.6341363839939266
2021-09-03,-0.6361683688583748
2021-09-06,-0.6396583448498634
2021-09-07,-0.6370580088414564
2021-09-08,-0.6405219080288324
2021-09-09,-0.6441620633348463
2021-09-10,-0.6429914694273543
2021-09-13,-0.6437951084855318
2021-09-14,-0.6448346111595451
2021-09-15,-0.6392085038859843
2021-09-16,-0.6200648394929299
2021-09-17,-0.6614488272354364
2021-09-20,-0.662202694793873
2021-09-21,-0.6575355032736306
2021-09-22,-0.657477149788265
2021-09-23,-0.6543055260217524
2021-09-24,-0.6586018192686905
2021-09-27,-0.6627091403970279
2021-09-28,-0.6665186120646726
2021-09-29,-0.667199461360106
2021-09-30,-0.6668016988739055
2021-10-01,-0.6708734639236985
2021-10-04,-0.679998754213068
2021-10-05,-0.6796486826128918
2021-10-06,-0.6745739979249255
2021-10-07,-0.6801463426885441
2021-10-08,-0.6797557685927061
2021-10-11,-0.6779125993190241
2021-10-12,-0.6768376456527893
2021-10-13,-0.6767048138968053
2021-10-14,-0.6649245929983382
2021-10-15,-0.6653339850990758
2021-10-18,-0.6678547524189157
2021-10-19,-0.6607229643714544
2021-10-20,-0.6584895469325007
2021-10-21,-0.662278397831054
2021-10-22,-0.6537290430120878
2021-10-25,-0.6641246801404337
2021-10-26,-0.671085454648624
2021-10-27,-0.6837457731446754
2021-10-28,-0.6481809076791085
2021-10-29,-0.6267518462866266
2021-11-01,-0.6417769791288259
2021-11-02,-0.6767015012566288
2021-11-03,-0.6866357282254896
2021-11-04,-0.688140276442581
2021-11-05,-0.6975825523025501
2021-11-08,-0.7141860951308154
2021-11-09,-0.7389243739456224
2021-11-10,-0.7420944550647959
2021-11-11,-0.7352643989054828
2021-11-12,-0.7400419763341322
2021-11-15,-0.7559147188833466
2021-11-16,-0.7628290712423269
2021-11-17,-0.7616418772221965
2021-11-18,-0.7788973536371626
2021-11-19,-0.7750837210851651
2021-11-22,-0.7865621315831082
2021-11-23,-0.7913244418820136
2021-11-24,-0.7866541358236498
2021-11-25,-0.7813068051324719
2021-11-26,-0.770147466487993
2021-11-29,-0.7771272176492026
2021-11-30,-0.7836338976220447
2021-12-01,-0.7772014753858651
2021-12-02,-0.782928248032015
2021-12-03,-0.7607210920190639
2021-12-06,-0.7684902218365486
2021-12-07,-0.7562768499013692
2021-12-08,-0.7385573070226055
2021-12-09,-0.7361900432263493
2021-12-10,-0.7077532386274508
2021-12-13,-0.7057227968206081
2021-12-15,-0.6816289068843693
2021-12-16,-0.7097534018393703
2021-12-17,-0.7045402065579971
2021-12-20,-0.7064708093200831
2021-12-21,-0.7025445489449553
2021-12-22,-0.6846800427033815
2021-12-23,-0.6679788454855027
2021-12-24,-0.6728952335196823
2021-12-27,-0.664934989545958
2021-12-28,-0.66599125694267
2021-12-29,-0.6853091627393741
2021-12-30,-0.6667350092631854
2021-12-31,-0.6734268780688883
2022-01-03,-0.6358390307014563
2022-01-04,-0.6257104993635254
2022-01-05,-0.6380501885039704
2022-01-06,-0.6293282219451515
2022-01-07,-0.6220205454565044
2022-01-10,-0.6130839673169761
2022-01-11,-0.6047502057241911
2022-01-12,-0.6122492995283766
2022-01-13,-0.6071022537903197
2022-01-14,-0.6153876890402545
2022-01-17,-0.6249860871376649
2022-01-18,-0.625664670590655
2022-01-19,-0.6104856719895382
2022-01-20,-0.6304734966664813
2022-01-21,-0.6356875504541168
2022-01-24,-0.6358335287085592
2022-01-25,-0.6366228317810414
2022-01-26,-0.6576680610870751
2022-01-27,-0.6432285575250166
2022-01-28,-0.6549809200143141
2022-01-31,-0.6469908387412224
2022-02-01,-0.6495201379953286
2022-02-02,-0.6400533258818596
2022-02-03,-0.6267212451443617
2022-02-04,-0.6076245237423628
2022-02-07,-0.6006074061690807
2022-02-08,-0.6143119332008743
2022-02-09,-0.6282134011944353
2022-02-10,-0.6410162549279425
2022-02-11,-0.6471082343160607
2022-02-14,-0.6571153352684755
2022-02-15,-0.6608802001225924
2022-02-16,-0.6649100344003602
2022-02-17,-0.6612662888172331
2022-02-18,-0.6670908931054254
2022-02-21,-0.6710966163539706
2022-02-22,-0.6541928197960027
2022-02-23,-0.655600744799059
2022-02-24,-0.6688158351841593
2022-02-25,-0.6626027644937493
2022-02-28,-0.6597468950230274
2022-03-01,-0.6840071367633023
2022-03-02,-0.6581805405090494
2022-03-03,-0.6567668501548121
2022-03-04,-0.6910566320554368
2022-03-07,-0.6959383354344364
2022-03-08,-0.6991625411101638
2022-03-09,-0.6794575746099362
2022-03-10,-0.6696169112602601
2022-03-11,-0.6553017831965917
2022-03-14,-0.6552412748902441
2022-03-15,-0.6625211508360145
2022-03-16,-0.6685706630186621
2022-03-17,-0.6650053173927721
2022-03-18,-0.6747958064143381
2022-03-21,-0.6486801998394967
2022-03-22,-0.6566380596307676
2022-03-23,-0.6622686235315914
2022-03-24,-0.6664226802050169
2022-03-25,-0.6622563401614618
2022-03-28,-0.653082372123891
2022-03-29,-0.6319835069967856
2022-03-30,-0.6244759325588021
2022-03-31,-0.6235467026388396
2022-04-01,-0.6205857571681952
2022-04-04,-0.6264628321565314
2022-04-05,-0.61689863905971
2022-04-06,-0.6055146249097736
2022-04-07,-0.6074678557724977
2022-04-08,-0.6029977592723086
2022-04-11,-0.5863578738259532
2022-04-12,-0.5809671396682876
2022-04-13,-0.5775540576373748
2022-04-14,-0.5950342159546264
2022-04-19,-0.5757095403047279
2022-04-20,-0.5784718652213628
2022-04-21,-0.562118404476282
2022-04-22,-0.5388662608263843
2022-04-25,-0.5161517654423831
2022-04-26,-0.5125238459026344
2022-04-27,-0.5138160914226709
2022-04-28,-0.5051931629439623
2022-04-29,-0.4935489580665915
2022-05-02,-0.48835602643378084
2022-05-03,-0.4864449130531173
2022-05-04,-0.4845844637095613
2022-05-05,-0.47791095603882083
2022-05-06,-0.44373481867454867
2022-05-09,-0.4390784149000143
2022-05-10,-0.4388783212242965
2022-05-11,-0.42520484812833725
2022-05-12,-0.4372182737249665
2022-05-13,-0.4179484234455072
2022-05-16,-0.4101563380251143
2022-05-17,-0.38880885596568837
2022-05-18,-0.3637412903555806
2022-05-19,-0.35882813148013537
2022-05-20,-0.35749233884257936
2022-05-23,-0.3374545455939557
2022-05-24,-0.3176512816941349
2022-05-25,-0.3362885362447629
2022-05-26,-0.32199264796599314
2022-05-27,-0.31290399231822474
2022-05-30,-0.30247326604294733
2022-05-31,-0.2999822472013344
2022-06-01,-0.2901890898356072
2022-06-02,-0.2718909230441311
2022-06-03,-0.25941139997411544
2022-06-06,-0.22893142173539416
2022-06-07,-0.2326215254704167
2022-06-08,-0.22310988443813762
2022-06-09,-0.18598206391432814
2022-06-10,0.08268944250514038
2022-06-13,0.21008576234464732
2022-06-14,0.24280966464583803
2022-06-15,0.18637112624821459
2022-06-16,0.2347405605512462
2022-06-17,0.1473203425006067
2022-06-20,0.16477350753302578
2022-06-21,0.16186308032941876
2022-06-22,0.10289843485057432
2022-06-23,0.011747638894850865
2022-06-24,0.007617394271382638
2022-06-27,0.030129129080691097
2022-06-28,0.07641834083203247
2022-06-29,0.06422305206058315
2022-06-30,0.017511242683449835
2022-07-01,-0.010741103683322373
2022-07-04,0.005094525405497097
2022-07-05,0.009301150534595792
2022-07-06,0.007528120751383566
2022-07-07,0.01949532478600907
2022-07-08,0.031246336193418878
2022-07-11,0.03286149741996147
2022-07-12,0.017227070084564255
2022-07-13,0.05082346726253306
2022-07-14,0.11398166924521214
2022-07-15,0.08559818079544651
2022-07-18,0.10279925179277044
2022-07-19,0.13980074773483708
2022-07-20,0.1392067635892571
2022-07-21,0.24150825420329822
2022-07-22,0.1837122134062359
2022-07-25,0.21615359457385402
2022-07-26,0.2163401987017668
2022-07-27,0.2355921614603717
2022-07-28,0.2150252419327646
2022-07-29,0.24873820602160218
2022-08-01,0.26640279582098814
2022-08-02,0.23564234879429563
2022-08-03,0.2727865192205715
2022-08-04,0.270323530463896
2022-08-05,0.30115714343739153
2022-08-08,0.3020511203573586
2022-08-09,0.32641756565077473
2022-08-10,0.30195344992621875
2022-08-11,0.3227346321011955
2022-08-12,0.331664961204044
2022-08-15,0.3181363095296037
2022-08-16,0.33554437394703784
2022-08-17,0.39026680569684247
2022-08-18,0.42805033238601975
2022-08-19,0.4893172611606862
2022-08-22,0.4319453397572718
2022-08-23,0.4150055635152419
2022-08-24,0.4266259521745047
2022-08-25,0.41321555409298744
2022-08-26,0.3834191965528969
2022-08-29,0.43060840753840435
2022-08-30,0.4151018118713413
2022-08-31,0.43568241248361506
2022-09-01,0.465988318561791
2022-09-02,0.4678169148797914
2022-09-05,0.5192787151735041
2022-09-06,0.5466360261708376
2022-09-07,0.5707850338149089
2022-09-08,0.7257973338727691
2022-09-09,0.8196465805171039
2022-09-12,0.8975047438343242
2022-09-13,0.9391774496824516
2022-09-14,0.9432710810820915
2022-09-15,0.9818475754274957
2022-09-16,1.0535745308715334
2022-09-19,1.1469831048490702
2022-09-20,1.2442293060664147
2022-09-21,1.24417474415662
2022-09-22,1.3321392338551195
2022-09-23,1.3581041928586555
2022-09-26,1.3975241783038133
2022-09-27,1.3927948232185396
2022-09-28,1.3367323290273045
2022-09-29,1.3901164823554155
2022-09-30,1.3693527110507937
2022-10-03,1.358090336959652
2022-10-04,1.3190465895318222
2022-10-05,1.3362799240330248
2022-10-06,1.3648798673890024
2022-10-07,1.3937458299681424
2022-10-10,1.3961438229205343
2022-10-11,1.413490293844647
2022-10-12,1.4492501741856123
2022-10-13,1.4800127796819478
2022-10-14,1.4916779887583786
2022-10-17,1.518099970469473
2022-10-18,1.5107809816422428
2022-10-19,1.5103459507693449
2022-10-20,1.5601287348524933
2022-10-21,1.58226768764619
2022-10-24,1.5780131838988982
2022-10-25,1.5744683725861413
2022-10-26,1.5930634628499343
2022-10-27,1.6413613499935686
2022-10-28,1.6906222836236515
2022-10-31,1.7239514918467536
2022-11-01,1.74031899971957
2022-11-02,1.763742511229688
2022-11-03,1.813344113439309
2022-11-04,1.8485462669958796
2022-11-07,1.8535768969321489
2022-11-08,1.8821421507757439
2022-11-09,1.8811634274103106
2022-11-10,1.90300446076083
2022-11-11,1.950188105105782
2022-11-14,1.9893551416691615
2022-11-15,1.9553573121425836
2022-11-16,1.9535358210728564
2022-11-17,1.9969119272205855
2022-11-18,1.9713461273332937
2022-11-21,1.9676034890565361
2022-11-22,1.9653697147731144
2022-11-23,1.9846167815413849
2022-11-24,1.9693496291022177
2022-11-25,2.0165566442797136
2022-11-28,2.0159575956797218
2022-11-29,1.9758486245788314
2022-11-30,1.9630467312895217
2022-12-01,1.966529110425408
2022-12-02,1.9656094196684921
2022-12-05,1.956567045991693
2022-12-06,1.9518931001467
2022-12-07,1.954108449972256
2022-12-08,2.0180104721009644
2022-12-09,2.0386378448780516
2022-12-12,2.0498904365098918
2022-12-13,2.038788421188757
2022-12-14,2.0537228922612387
2022-12-15,2.1643002588923212
2022-12-16,2.167289119018409
2022-12-19,2.166542240244985
2022-12-20,2.196344057109955
2022-12-21,2.2066108541498908
2022-12-22,2.250133784885732
2022-12-23,2.25368216475588
2022-12-27,2.2485378182656794
2022-12-28,2.2488398045721403
2022-12-29,2.2983550516754105
2022-12-30,2.304456562991093
2023-01-02,2.3886205729003667
2023-01-03,2.4203579088426004
2023-01-04,2.462030878750354
2023-01-05,2.5045724006244647
2023-01-06,2.5211962715596083
2023-01-09,2.539059790264619
2023-01-10,2.5495209844535953
2023-01-11,2.5534207773542326
2023-01-12,2.5649353948212554
2023-01-13,2.5638902166482214
2023-01-16,2.562773027456987
2023-01-17,2.5824540280234256
2023-01-18,2.5211657950263806
2023-01-19,2.577051031658266
2023-01-20,2.5972416495787334
2023-01-23,2.594287878877183
2023-01-24,2.5897474026048384
2023-01-25,2.592384403054395
2023-01-26,2.6170254096155188
2023-01-27,2.628977072113767
2023-01-30,2.641326810713192
2023-01-31,2.6542274537360537
2023-02-01,2.6482373602262026
2023-02-02,2.673467831143498
2023-02-03,2.685120880548401
2023-02-06,2.663860533967531
2023-02-07,2.6613743892119786
2023-02-08,2.714085833267215
2023-02-09,2.739614136918311
2023-02-10,2.770907371137301
2023-02-13,2.8086647352026812
2023-02-14,2.8409733301042706
2023-02-15,2.854878223437483
2023-02-16,2.8887765324853594
2023-02-17,2.9022657649579138
2023-02-20,2.923472970382594
2023-02-21,2.9331592920953558
2023-02-22,2.934087741265366
2023-02-23,2.973383159727033
2023-02-24,2.995680187342618
2023-02-27,3.004910547290268
2023-02-28,3.0183324114225223
2023-03-01,3.0565760750786195
2023-03-02,3.0934999402100933
2023-03-03,3.111505670674797
2023-03-06,3.1101739944860824
2023-03-07,3.125083577223965
2023-03-08,3.1498142656325285
2023-03-09,3.150980895124831
2023-03-10,3.1159439505614337
2023-03-13,2.863183885614501
2023-03-14,2.944111830627207
2023-03-15,2.761988819256926
2023-03-16,2.8370764776591146
2023-03-17,2.8527503623391084
2023-03-20,2.7486608430710775
2023-03-21,2.857487002193255
2023-03-22,2.9374583039104007
2023-03-23,2.9054182630882295
2023-03-24,2.806924468957257
2023-03-27,2.8157289499220925
2023-03-28,2.826057172343579
2023-03-29,2.8394616895133127
2023-03-30,2.8811422299683462
2023-03-31,2.9227289588363123
2023-04-03,2.9190187954187743
2023-04-04,2.9288252108316613
2023-04-05,2.90528260975937
2023-04-06,2.876929774686504
2023-04-11,3.040654405574714
2023-04-12,2.969652276190641
2023-04-13,3.003256121883455
2023-04-14,2.9952378857366386
2023-04-17,3.108428483728764
2023-04-18,3.128591003351209
2023-04-19,3.141980482314442
2023-04-20,3.1355625261978046
2023-04-21,3.135649621472271
2023-04-24,3.1405570748873837
2023-04-25,3.108299550480953
2023-04-26,3.0493116548732244
2023-04-27,3.068468116897507
2023-04-28,3.044022012191076
2023-05-02,3.0571230625296484
2023-05-03,3.0421149203146385
2023-05-04,3.050568137387483
2023-05-05,3.0360720730123685
2023-05-08,3.05483058834756
2023-05-09,3.0546271226267017
2023-05-10,3.032196875825404
2023-05-11,3.032248597841497
2023-05-12,3.070475739312684
2023-05-15,3.068069506829889
2023-05-16,3.075342717289263
2023-05-17,3.0823835117587413
2023-05-18,3.145348853983773
2023-05-19,3.1637504861
2023-05-22,3.1563146907
2023-05-23,3.1397623341
2023-05-24,3.1579299239
2023-05-25,3.1963096926
2023-05-26,3.2144836975
2023-05-29,3.2356460956
2023-05-30,3.2124516664
2023-05-31,3.1585711361
2023-06-01,3.1819657204
2023-06-02,3.1674745045
2023-06-05,3.2544303372
2023-06-06,3.2564508907
2023-06-07,3.280011124
2023-06-08,3.28570665
2023-06-09,3.2690629074
2023-06-12,3.3679689372
2023-06-13,3.394943879
2023-06-14,3.4020525671
2023-06-15,3.4682009268
2023-06-16,3.4746815871
2023-06-19,3.4769695423
2023-06-20,3.4806535458
2023-06-21,3.4952741081
2023-06-22,3.5234363602
2023-06-23,3.5100601928
2023-06-26,3.5225737613
2023-06-27,3.5259191541
2023-06-28,3.5328519079
2023-06-29,3.5621148608
2023-06-30,3.576055424
2023-07-03,3.5797438636
2023-07-04,3.5887052737
2023-07-05,3.597715169
2023-07-06,3.6230706069
2023-07-07,3.6061200548
2023-07-10,3.6207384884
2023-07-11,3.6469516703
2023-07-12,3.6434384373
2023-07-13,3.6243955433
2023-07-14,3.6377077994
2023-07-17,3.6475602392
2023-07-18,3.640661425
2023-07-19,3.6142666505
2023-07-20,3.629359406
2023-07-21,3.6319511983
2023-07-24,3.6320388244
2023-07-25,3.6433624195
2023-07-26,3.6395359906
2023-07-27,3.6260008459
2023-07-28,3.6106722409
2023-07-31,3.6057024584
2023-08-01,3.6234704039
2023-08-02,3.618801759
2023-08-03,3.6052145954
2023-08-04,3.6136529369
2023-08-07,3.6148621896
2023-08-08,3.5984995801
2023-08-09,3.5890210905
2023-08-10,3.5718332366
2023-08-11,3.5841296999
2023-08-14,3.5972238094
2023-08-15,3.6372463375
2023-08-16,3.6115953584
2023-08-17,3.6643430568
2023-08-18,3.6634196912
2023-08-21,3.6503119786
2023-08-22,3.6367465761
2023-08-23,3.6188748172
2023-08-24,3.6061037682
2023-08-25,3.620169093
2023-08-28,3.6503120409
2023-08-29,3.6460667556
2023-08-30,3.6623470205
2023-08-31,3.6258878648
2023-09-01,3.6254211734
2023-09-04,3.6492820905
2023-09-05,3.6641946184
2023-09-06,3.6636940319
2023-09-07,3.6678015269
2023-09-08,3.6657663291
2023-09-11,3.670347261
2023-09-12,3.7042106347
2023-09-13,3.7430257472
2023-09-14,3.769530149
2023-09-15,3.7938167168
2023-09-18,3.8127615316
2023-09-19,3.8044485869
2023-09-20,3.795241256
2023-09-21,3.8153630798
2023-09-22,3.7874807308
2023-09-25,3.7944311998
2023-09-26,3.784721242
2023-09-27,3.7902876954
2023-09-28,3.811622679
2023-09-29,3.8002557201
2023-10-02,3.8096753908
2023-10-03,3.810810701
2023-10-04,3.7992999617
2023-10-05,3.7840839571
2023-10-06,3.7835092972
2023-10-09,3.7856147647
2023-10-10,3.7720407399
2023-10-11,3.7716707775
2023-10-12,3.7750700508
2023-10-13,3.7846030835
2023-10-16,3.7838108626
2023-10-17,3.7851343803
2023-10-18,3.7949646107
2023-10-19,3.7936380448
2023-10-20,3.7782464014
2023-10-23,3.7849031473
2023-10-24,3.7798982075
2023-10-25,3.7788295503
2023-10-26,3.7640220771
2023-10-27,3.7544682329
2023-10-30,3.736404729
2023-10-31,3.7422813284
2023-11-01,3.7287028469
2023-11-02,3.7114367169
2023-11-06,3.7344793928
2023-11-07,3.7249023397
2023-11-08,3.7260325968
2023-11-09,3.7258153236
2023-11-10,3.7384343459
2023-11-13,3.7415854289
2023-11-14,3.7108805897
2023-11-15,3.7181289249
2023-11-16,3.7061397645
2023-11-17,3.6958363354
2023-11-20,3.6966055333
2023-11-21,3.7122800905
2023-11-22,3.6974563679
2023-11-23,3.7055130501
2023-11-24,3.7014306032
2023-11-27,3.7065792738
2023-11-28,3.7046619252
2023-11-29,3.6648681774
2023-11-30,3.6489608399
2023-12-01,3.5843306649
2023-12-04,3.5783109941
2023-12-05,3.5534656121
2023-12-06,3.5520386946
2023-12-07,3.568832577
2023-12-08,3.5886452039
2023-12-11,3.597769921
2023-12-12,3.6004020388
2023-12-13,3.5996099603
2023-12-14,3.5591645809
2023-12-15,3.5516227094
2023-12-18,3.5694761899
2023-12-19,3.5622450679
2023-12-20,3.5598461587
2023-12-21,3.5485830557
2023-12-22,3.5220799063
2023-12-27,3.5207553879
2023-12-28,3.5489763938
2023-12-29,3.551968539
2024-01-02,3.5413048466
2024-01-03,3.5562371025
2024-01-04,3.5650488932
2024-01-05,3.6104401543
2024-01-08,3.6026614601
2024-01-09,3.6094367056
2024-01-10,3.6265301212
2024-01-11,3.6112199211
2024-01-12,3.5809982573
2024-01-15,3.6191235309
2024-01-16,3.6151537626
2024-01-17,3.6801097057
2024-01-18,3.653920641
2024-01-19,3.6639258958
2024-01-22,3.664662928
2024-01-23,3.6698308334
2024-01-24,3.66012476
2024-01-25,3.6317821036
2024-01-26,3.6338730202
2024-01-29,3.5927181249
2024-01-30,3.6077305231
2024-01-31,3.5874122004
2024-02-01,3.5922903729
2024-02-02,3.6326369955
2024-02-05,3.6421036829
2024-02-06,3.6427678811
2024-02-07,3.634486977
2024-02-08,3.643420596
2024-02-09,3.6570573597
2024-02-12,3.6532218202
2024-02-13,3.6724057821
2024-02-14,3.6715341361
2024-02-15,3.6627356405
2024-02-16,3.6904579247
2024-02-19,3.6766226475
2024-02-20,3.6605077677
2024-02-21,3.669563287
2024-02-22,3.6909996881
2024-02-23,3.6919441936
2024-02-26,3.709135079
2024-02-27,3.7052787147
2024-02-28,3.6923562663
2024-02-29,3.7007290265
2024-03-01,3.7085795166
2024-03-04,3.7210880274
2024-03-05,3.6920742314
2024-03-06,3.6857207897
2024-03-07,3.6863990544
2024-03-08,3.6607757937
2024-03-11,3.6751145432
2024-03-12,3.6952628971
2024-03-13,3.7062176226
2024-03-14,3.7098532492
2024-03-15,3.710594055
2024-03-18,3.7029714127
2024-03-19,3.6917643619
2024-03-20,3.6951598485
2024-03-21,3.6835329001
2024-03-22,3.6549832571
2024-03-25,3.6505241452
2024-03-26,3.6477968363
2024-03-27,3.6307819592
2024-03-28,3.6423742138
2024-04-02,3.6342391593
2024-04-03,3.65655476
2024-04-04,3.6371993361
2024-04-05,3.6333284997
2024-04-08,3.6413533102
2024-04-09,3.646952211
2024-04-10,3.6614624968
2024-04-11,3.652715385
2024-04-12,3.6244233179
2024-04-15,3.6389521321
2024-04-16,3.6349349512
2024-04-17,3.6263231823
2024-04-18,3.6537372331
2024-04-19,3.6492979566
2024-04-22,3.6165824487
2024-04-23,3.6123715259
2024-04-24,3.6259122764
2024-04-25,3.6602955753
2024-04-26,3.6441093134
2024-04-29,3.6262793228
2024-04-30,3.6515319421
2024-05-02,3.6229079781
2024-05-03,3.5946164675
2024-05-06,3.6032184389
2024-05-07,3.5999580425
2024-05-08,3.6041342071
2024-05-09,3.5925407259
2024-05-10,3.599936937
2024-05-13,3.6040557097
2024-05-14,3.586742536
2024-05-15,3.5839431065
2024-05-16,3.5673299389
2024-05-17,3.5858216508
2024-05-20,3.5756995691
2024-05-21,3.5780229368
2024-05-22,3.6084501694
2024-05-23,3.6367328159
2024-05-24,3.6303377129
2024-05-27,3.6015603069
2024-05-28,3.5853866986
2024-05-29,3.5849303628
2024-05-30,3.5717592748
2024-05-31,3.5771181765
2024-06-03,3.5609299043
2024-06-04,3.5614533478
2024-06-05,3.5359277684
2024-06-06,3.5527915608
2024-06-07,3.55795991
2024-06-10,3.557353632
2024-06-11,3.5556754661
2024-06-12,3.5239725689
2024-06-13,3.5239664902
2024-06-14,3.4833081303
2024-06-17,3.5255747834
2024-06-18,3.4948046361
2024-06-19,3.5060153812
2024-06-20,3.4859994248
2024-06-21,3.4713248937
2024-06-24,3.473828279
2024-06-25,3.4685227586
2024-06-26,3.4751609737
2024-06-27,3.4695247852
2024-06-28,3.4740447928
2024-07-01,3.4952646281
2024-07-02,3.4922767948
2024-07-03,3.4975153694
2024-07-04,3.486627073
2024-07-05,3.4683214072
2024-07-08,3.4534855735
2024-07-09,3.4560340646
2024-07-10,3.4479096171
2024-07-11,3.4130958587
2024-07-12,3.4142553336
2024-07-15,3.3971743205
2024-07-16,3.3930668024
2024-07-17,3.3857281912
2024-07-18,3.3894762257
2024-07-19,3.3938561558
2024-07-22,3.4041306766
2024-07-23,3.4087029788
2024-07-24,3.3892914773
2024-07-25,3.3984902384
2024-07-26,3.3848370415
2024-07-29,3.3256926935
2024-07-30,3.2938502991
2024-07-31,3.2882378512
2024-08-01,3.2592268723
2024-08-02,3.1951058021
2024-08-05,3.1687235148
2024-08-06,3.2095416248
2024-08-07,3.2335895548
2024-08-08,3.2402808965
2024-08-09,3.2342597927
2024-08-12,3.2303059233
2024-08-13,3.2136293607
2024-08-14,3.2183428466
2024-08-15,3.2235666121
2024-08-16,3.2095163866
2024-08-19,3.2074199819
2024-08-20,3.1962344806
2024-08-21,3.1800392314
2024-08-22,3.1715256062
2024-08-23,3.174584194
2024-08-26,3.1763605679
2024-08-27,3.1978697835
2024-08-28,3.1843903128
2024-08-29,3.1544456588
2024-08-30,3.1651939866
2024-09-02,3.1813571033
2024-09-03,3.1838718145
2024-09-04,3.1646990556
2024-09-05,3.1414220496
2024-09-06,3.1393016156
2024-09-09,3.1242181502
2024-09-10,3.1204763549
2024-09-11,3.1078273943
2024-09-12,3.119114927
2024-09-13,3.1173178762
2024-09-16,3.111641583
2024-09-17,3.0917234579
2024-09-18,3.105765343
2024-09-19,3.0743839368
2024-09-20,3.0747712574
2024-09-23,3.0430428692
2024-09-24,3.0073690521
2024-09-25,3.0007830014
2024-09-26,2.9709424001
2024-09-27,2.9507705794
2024-09-30,2.9592911335
2024-10-01,2.9385477755
2024-10-02,2.9275579685
2024-10-03,2.9189349382
2024-10-04,2.9412888586
2024-10-07,2.9713677794
2024-10-08,2.9751845476
2024-10-09,2.9774703581
2024-10-10,2.9745387551
2024-10-11,2.9791221173
2024-10-14,2.9535446981
2024-10-15,2.9397486818
2024-10-16,2.9099886759
2024-10-17,2.873418638
2024-10-18,2.8333679319
2024-10-21,2.8573003742
2024-10-22,2.8495303184
2024-10-23,2.835050637
2024-10-24,2.8069470608
2024-10-25,2.8142388549
2024-10-28,2.8023129258
2024-10-29,2.7906663346
2024-10-30,2.8314192778
2024-10-31,2.8505432811
2024-11-01,2.8210512662
2024-11-04,2.8491165739
2024-11-05,2.8276181553
2024-11-06,2.7837237622
2024-11-07,2.7744208141
2024-11-08,2.7816422837
2024-11-11,2.7674505031
2024-11-12,2.7522037238
2024-11-13,2.7493846648
2024-11-14,2.709810759
2024-11-15,2.7135288894
2024-11-18,2.732787558
2024-11-19,2.7193221146
2024-11-20,2.709001048
2024-11-21,2.6703166616
2024-11-22,2.5913178655
2024-11-25,2.5932615595
2024-11-26,2.6039362371
2024-11-27,2.621076097
2024-11-28,2.5956167089
2024-11-29,2.5797750523
2024-12-02,2.5638463908
2024-12-03,2.5566616554
2024-12-04,2.5718322753
2024-12-05,2.5697485953
2024-12-06,2.5749030277
2024-12-09,2.5499216207
2024-12-10,2.5305943315
2024-12-11,2.5067385991
2024-12-12,2.5027957429
2024-12-13,2.5099206182
2024-12-16,2.5133343936
2024-12-17,2.5031876632
2024-12-18,2.4950786185
2024-12-19,2.4904815178
2024-12-20,2.4823781754
2024-12-23,2.4935673991
2024-12-24,2.5264043589
2024-12-27,2.4922718933
2024-12-30,2.4887469862
2025-01-02,2.4749401838
2025-01-03,2.4859673108
2025-01-06,2.525285933
2025-01-07,2.5392639788
2025-01-08,2.5551284931
2025-01-09,2.5461954148
2025-01-10,2.5559131047
2025-01-13,2.5613144587
2025-01-14,2.5412737791
2025-01-15,2.5229605959
2025-01-16,2.5216240749
2025-01-17,2.4978402782
2025-01-20,2.488257171
2025-01-21,2.4786857647
2025-01-22,2.482605758
2025-01-23,2.4837393166
2025-01-24,2.4975155117
2025-01-27,2.4734300044
2025-01-28,2.4764278812
2025-01-29,2.4686145027
2025-01-30,2.4278088202
2025-01-31,2.386775995
2025-02-03,2.346872929
2025-02-04,2.3665553327
2025-02-05,2.3491811292
2025-02-06,2.3592791281
2025-02-07,2.3515830637
2025-02-10,2.3342717884
2025-02-11,2.3506434751
2025-02-12,2.3716752226
2025-02-13,2.3531149266
2025-02-14,2.3564024219
2025-02-17,2.365944336
2025-02-18,2.3667209442
2025-02-19,2.3868074447
2025-02-20,2.3760555705
2025-02-21,2.3287930493
2025-02-24,2.3322953712
2025-02-25,2.3095655926
2025-02-26,2.3215552085
2025-02-27,2.2997460852
2025-02-28,2.2930600536
2025-03-03,2.3141340723
2025-03-04,2.2756113207
2025-03-05,2.3303796929
2025-03-06,2.3328189729
2025-03-07,2.3211483935
2025-03-10,2.314225139
2025-03-11,2.3075005803
2025-03-12,2.3166616121
2025-03-13,2.3028208925
2025-03-14,2.2891265632
2025-03-17,2.2772272695
2025-03-18,2.2761621863
2025-03-19,2.2753251793
2025-03-20,2.2628344401
2025-03-21,2.2536229726
2025-03-24,2.2454341422
2025-03-25,2.2421139079
2025-03-26,2.2247424574
2025-03-27,2.2006016813
2025-03-28,2.1858791203
2025-03-31,2.1782695889
2025-04-01,2.1910233393
2025-04-02,2.1915177744
2025-04-03,2.1804697028
2025-04-04,2.1398582655
2025-04-07,2.1037904738
2025-04-08,2.1383614035
2025-04-09,2.0850419593
2025-04-10,2.1195162129
2025-04-11,2.0666161584
2025-04-14,2.079849484
2025-04-15,2.0882183431
2025-04-16,2.0560570545
2025-04-17,2.0365319938
2025-04-22,2.0139717132
2025-04-23,2.04219761
2025-04-24,1.9906874499
2025-04-25,2.0057810494
2025-04-28,1.9954251435
2025-04-29,1.9918077866
2025-04-30,1.9885798739
2025-05-02,1.995056305
2025-05-05,1.9812344374
2025-05-06,1.9814407199
2025-05-07,1.9684735468
2025-05-08,1.978580935
2025-05-09,1.9894185895
2025-05-12,2.0437756345
2025-05-13,2.0101056675
2025-05-14,2.0438876222
2025-05-15,2.0216932417
2025-05-16,2.0236822522
2025-05-19,2.024678308
2025-05-20,1.9962166972
2025-05-21,1.9976156442
2025-05-22,1.979491236
2025-05-23,1.942011554
2025-05-26,1.9659791993
2025-05-27,1.9636575413
2025-05-28,1.9717909569
2025-05-29,1.9572337591
2025-05-30,1.9571568799
2025-06-02,1.9667200742
2025-06-03,1.9399939993
2025-06-04,1.9490751706
2025-06-05,1.9679382796
2025-06-06,1.937575884
2025-06-09,1.9394645103
2025-06-10,1.9356377817
2025-06-11,1.943374393
2025-06-12,1.9465825236
2025-06-13,1.9436618284
2025-06-16,1.9405218061
2025-06-17,1.9557259871
2025-06-18,1.952014021
2025-06-19,1.9434900475
2025-06-20,1.9476685218
2025-06-23,1.9649114345
2025-06-24,1.9485696705
2025-06-25,1.9398373631
2025-06-26,1.9268514996
2025-06-27,1.9350271078
2025-06-30,1.9293512062
2025-07-01,1.9242767071
2025-07-02,1.9356431254
2025-07-03,1.9187114694
2025-07-04,1.9163570381
2025-07-07,1.9170313404
2025-07-08,1.9273701779
2025-07-09,1.9285781344
2025-07-10,1.9251130767
2025-07-11,1.938623767
2025-07-14,1.9330793771
2025-07-15,1.9207526254
2025-07-16,1.9255500424
2025-07-17,1.9116720827
2025-07-18,1.9181596001
2025-07-21,1.9061504465
2025-07-22,1.9057711174
2025-07-23,1.9000336765
2025-07-24,1.9414283251
2025-07-25,1.9558784555
2025-07-28,1.9447081023
2025-07-29,1.9439950398
2025-07-30,1.9524054793
2025-07-31,1.9710694222
2025-08-01,1.9432199815
2025-08-04,1.9474037029
2025-08-05,1.9535794869
2025-08-06,1.9521509209
2025-08-07,1.9508780349
2025-08-08,1.9580782914
2025-08-11,1.9711834391
2025-08-12,1.97004143
2025-08-13,1.962410044
2025-08-14,1.9598798276
2025-08-15,1.9668517642
2025-08-18,1.9548191533
2025-08-19,1.954592743
2025-08-20,1.9502927566
2025-08-21,1.9629856319
2025-08-22,1.9694634389
2025-08-25,1.978481873
2025-08-26,1.9717917805
2025-08-27,1.9789896407
2025-08-28,1.9776572716
2025-08-29,1.9773179879
2025-09-01,1.9819130599
2025-09-02,2.0023249166
2025-09-03,1.9895820321
2025-09-04,1.9828170593
2025-09-05,1.9744947894
2025-09-08,1.9799311838
2025-09-09,1.9794079096
2025-09-10,1.9771425407
2025-09-11,1.9961134112
2025-09-12,2.0038132283
2025-09-15,2.0023061948
2025-09-16,1.9957860826
2025-09-17,1.9994505901
2025-09-18,1.998571294
2025-09-19,2.0004157769
2025-09-22,1.9989475552
2025-09-23,1.9972202637
2025-09-24,1.9983957632
2025-09-25,2.0025569908
2025-09-26,2.0024467759
2025-09-29,2.0053924542
2025-09-30,1.9965006489
2025-10-01,1.9835586187
2025-10-02,1.9859385141
2025-10-03,1.9898389192
2025-10-06,1.9833609173
2025-10-07,1.9864563927
2025-10-08,1.9819709317
2025-10-09,1.9858684021
2025-10-10,1.9858412967
2025-10-13,1.9723728577
2025-10-14,1.9697251666
2025-10-15,1.9655333973
2025-10-16,1.9733354898
2025-10-17,1.9775670417
2025-10-20,1.9803244887
2025-10-21,1.9784037117
2025-10-22,1.9740425956
2025-10-23,1.9783681744
2025-10-24,1.990476566
2025-10-27,1.9986042398
2025-10-28,1.9915731722
2025-10-29,1.9875887834
2025-10-30,1.9947921797
2025-10-31,1.9951068315
2025-11-03,2.0043813713
2025-11-04,2.0007517518
2025-11-05,1.9872360248
2025-11-06,1.9900352712
2025-11-07,1.9878999501
2025-11-10,1.9989128974
2025-11-11,1.9908150873
2025-11-12,1.9984280977
2025-11-13,2.0085887741
2025-11-14,2.0057368584
2025-11-17,2.005981095
