date,yield_rate
2004-09-06,4.262767322619997
2004-09-07,4.26066676103177
2004-09-08,4.280396753520563
2004-09-09,4.215734988748674
2004-09-10,4.175095275424142
2004-09-13,4.190623270463905
2004-09-14,4.184909580971627
2004-09-15,4.182229073075899
2004-09-16,4.182468745629011
2004-09-17,4.158153751422427
2004-09-20,4.133185077066721
2004-09-21,4.14016243352598
2004-09-22,4.118520449337277
2004-09-23,4.050969587058712
2004-09-24,4.090420504329362
2004-09-27,4.066982732567494
2004-09-28,4.065094657832283
2004-09-29,4.104134165542783
2004-09-30,4.115248751938302
2004-10-01,4.1381126033076185
2004-10-04,4.167805801683227
2004-10-05,4.121224629133308
2004-10-06,4.117858629585626
2004-10-07,4.12817174002782
2004-10-08,4.075576307861187
2004-10-11,4.086838311580854
2004-10-12,4.042218502725698
2004-10-13,4.054827062823955
2004-10-14,4.0345978741604815
2004-10-15,4.026246766920017
2004-10-18,4.030701738456632
2004-10-19,4.0535374582804025
2004-10-20,4.012028532020948
2004-10-21,4.008443714688708
2004-10-22,4.008329794713252
2004-10-25,3.9692835696174984
2004-10-26,3.965424929268767
2004-10-27,3.963205299691888
2004-10-28,4.0418884648769975
2004-10-29,3.984350949695931
2004-11-01,3.9931133103214203
2004-11-02,4.038669259838662
2004-11-03,4.0372846863269976
2004-11-04,4.037881688623425
2004-11-05,4.038600410801716
2004-11-08,4.038311750044008
2004-11-09,3.998957984273886
2004-11-10,3.9827530474490387
2004-11-11,3.962698576635627
2004-11-12,3.935128589787844
2004-11-15,3.9001610640991498
2004-11-16,3.8766257403435795
2004-11-17,3.8958296743623233
2004-11-18,3.924662828921936
2004-11-19,3.9071945288366186
2004-11-22,3.880658727070694
2004-11-23,3.872383968045415
2004-11-24,3.8678961797793034
2004-11-25,3.8552569711212716
2004-11-26,3.852552304846499
2004-11-29,3.891298369509693
2004-11-30,3.8673651381986103
2004-12-01,3.8441941561271222
2004-12-02,3.871929178336627
2004-12-03,3.842880942312139
2004-12-06,3.7949090096320988
2004-12-07,3.7659117575333436
2004-12-08,3.767471486864161
2004-12-09,3.6918626029256707
2004-12-10,3.6678119177785242
2004-12-13,3.676849053218999
2004-12-14,3.6630049805127594
2004-12-15,3.616320081885306
2004-12-16,3.637812539019017
2004-12-17,3.687594466562232
2004-12-20,3.6570748823980046
2004-12-21,3.6800163740181486
2004-12-22,3.678280693227639
2004-12-23,3.6494839943154678
2004-12-24,3.5948579626121053
2004-12-27,3.6713108116325546
2004-12-28,3.6853950655372274
2004-12-29,3.7454389538387485
2004-12-30,3.7482995462095383
2004-12-31,3.7299365612862183
2005-01-03,3.709419286293714
2005-01-04,3.7030011924534207
2005-01-05,3.731528137330759
2005-01-06,3.688473103649583
2005-01-07,3.661229202374943
2005-01-10,3.662095972418369
2005-01-11,3.6552082233256904
2005-01-12,3.6645231972284886
2005-01-13,3.63090921091816
2005-01-14,3.62258288583269
2005-01-17,3.5967886804015876
2005-01-18,3.612621476381157
2005-01-19,3.5741603248966074
2005-01-20,3.6246032093858025
2005-01-21,3.6294145569983622
2005-01-24,3.599280400704123
2005-01-25,3.5732477426952496
2005-01-26,3.6160171970444055
2005-01-27,3.624272676579645
2005-01-28,3.582180190237252
2005-01-31,3.5771565071068765
2005-02-01,3.5776444085770422
2005-02-02,3.5604333104728556
2005-02-03,3.5765221220808043
2005-02-04,3.5284010137393347
2005-02-07,3.5063140346155586
2005-02-08,3.506309606054429
2005-02-09,3.471582117732135
2005-02-10,3.465483375604307
2005-02-11,3.4955094681975036
2005-02-14,3.521390161529703
2005-02-15,3.531244017142207
2005-02-16,3.508758996852766
2005-02-17,3.6142434792879916
2005-02-18,3.691645484451611
2005-02-21,3.707899631887217
2005-02-22,3.717535267175698
2005-02-23,3.70919749152961
2005-02-24,3.733665142597668
2005-02-25,3.767264899731061
2005-02-28,3.7321613720553573
2005-03-01,3.745927094172567
2005-03-02,3.8164533259729154
2005-03-03,3.796763873562447
2005-03-04,3.7488769654901297
2005-03-07,3.7088814713247937
2005-03-08,3.7432009775065183
2005-03-09,3.8077378388324834
2005-03-10,3.802180891797708
2005-03-11,3.8152948420888935
2005-03-14,3.8222468972035855
2005-03-15,3.7661266981406225
2005-03-16,3.7493669571213846
2005-03-17,3.7209467053851277
2005-03-18,3.761289245345374
2005-03-21,3.7712815882877155
2005-03-22,3.725675777752968
2005-03-23,3.7656565013206382
2005-03-24,3.734206920904451
2005-03-29,3.747086080578234
2005-03-30,3.7325934244168377
2005-03-31,3.693342973372033
2005-04-01,3.6499150106828933
2005-04-04,3.659386628357267
2005-04-05,3.6516836952985288
2005-04-06,3.6491341994031115
2005-04-07,3.6285394586579414
2005-04-08,3.6442190972380097
2005-04-11,3.6333031356051415
2005-04-12,3.6254222540377024
2005-04-13,3.598306812257431
2005-04-14,3.6089124579834415
2005-04-15,3.5711928054027324
2005-04-18,3.571032537015173
2005-04-19,3.5415405417480477
2005-04-20,3.5452951225862073
2005-04-21,3.587898055483003
2005-04-22,3.547251646987349
2005-04-25,3.5331241560159796
2005-04-26,3.514579095719734
2005-04-27,3.4890509603408266
2005-04-28,3.488186829743032
2005-04-29,3.5288865500719737
2005-05-02,3.495196323211336
2005-05-03,3.488480428461208
2005-05-04,3.5249935518485294
2005-05-05,3.512405554449911
2005-05-06,3.539666429059674
2005-05-09,3.538292952542641
2005-05-10,3.4668033203899378
2005-05-11,3.438728253083755
2005-05-12,3.4389243010408084
2005-05-13,3.4030820982656937
2005-05-16,3.4118177688481204
2005-05-17,3.4242270377000876
2005-05-18,3.389814619774794
2005-05-19,3.402703248902877
2005-05-20,3.444935284978742
2005-05-23,3.414572766983229
2005-05-24,3.377583499775387
2005-05-25,3.3712270170921737
2005-05-26,3.4132568110958488
2005-05-27,3.4255222593289307
2005-05-30,3.4269961890172618
2005-05-31,3.3651471205955965
2005-06-01,3.3390105632872356
2005-06-02,3.3219730632365363
2005-06-03,3.255403680837367
2005-06-06,3.2987135966384438
2005-06-07,3.2449318062686587
2005-06-08,3.214192904156329
2005-06-09,3.2287244501336585
2005-06-10,3.238401365091499
2005-06-13,3.26994703572024
2005-06-14,3.2782634183994346
2005-06-15,3.365827872528833
2005-06-16,3.4114141365960418
2005-06-17,3.3845529809558994
2005-06-20,3.398996480216984
2005-06-21,3.3082102760172996
2005-06-22,3.2331549905786003
2005-06-23,3.241421142865444
2005-06-24,3.2178709856377004
2005-06-27,3.2014301182372207
2005-06-28,3.2458567177901423
2005-06-29,3.2236492208666645
2005-06-30,3.2386172820253813
2005-07-01,3.2248427776869746
2005-07-04,3.2600805650182143
2005-07-05,3.304464444161728
2005-07-06,3.306716367647486
2005-07-07,3.2811497999573644
2005-07-08,3.2563060058699516
2005-07-11,3.3019413523771903
2005-07-12,3.309071297830927
2005-07-13,3.3294803973782705
2005-07-14,3.3698323110379533
2005-07-15,3.372330202267135
2005-07-18,3.337476199926435
2005-07-19,3.3598709126270245
2005-07-20,3.3753109738596763
2005-07-21,3.3639611662449824
2005-07-22,3.3259033200406907
2005-07-25,3.314106807763645
2005-07-26,3.326961894193069
2005-07-27,3.306212226325356
2005-07-28,3.3116545942485005
2005-07-29,3.312224506643873
2005-08-01,3.36811731901459
2005-08-02,3.369884859206331
2005-08-03,3.406919036287187
2005-08-04,3.393747690816098
2005-08-05,3.4431376691428275
2005-08-08,3.444392268536383
2005-08-09,3.426251244073822
2005-08-10,3.4067656463094695
2005-08-11,3.408496889784015
2005-08-12,3.3772994441734814
2005-08-15,3.3540031041584117
2005-08-16,3.3322557987900865
2005-08-17,3.3080427588937473
2005-08-18,3.28952804323364
2005-08-19,3.280804579457695
2005-08-22,3.2927124904050435
2005-08-23,3.2585112331382993
2005-08-24,3.2452739409104097
2005-08-25,3.2242839201066515
2005-08-26,3.2240427713348767
2005-08-29,3.2207226355157883
2005-08-30,3.246090199067787
2005-08-31,3.179583771343541
2005-09-01,3.158395791549891
2005-09-02,3.143420434214227
2005-09-05,3.131771154353447
2005-09-06,3.157442050896709
2005-09-07,3.163881404675326
2005-09-08,3.1476584297960586
2005-09-09,3.124498173286906
2005-09-12,3.1843896627198136
2005-09-13,3.1770920287414866
2005-09-14,3.1524800177677754
2005-09-15,3.1795672734089266
2005-09-16,3.2028299513030554
2005-09-19,3.187646951529992
2005-09-20,3.1430655194953765
2005-09-21,3.0969730095981767
2005-09-22,3.102317737998678
2005-09-23,3.1246429910338427
2005-09-26,3.179547072103216
2005-09-27,3.172630396238571
2005-09-28,3.1940418502298815
2005-09-29,3.2106200368050257
2005-09-30,3.194568775937162
2005-10-03,3.2736609124683818
2005-10-04,3.219312331677365
2005-10-05,3.220854463257673
2005-10-06,3.232206666340475
2005-10-07,3.2330456018587834
2005-10-10,3.207887732796621
2005-10-11,3.225613185515723
2005-10-12,3.2569486494467705
2005-10-13,3.320710983878864
2005-10-14,3.318012825294738
2005-10-17,3.33637001119885
2005-10-18,3.337258550417231
2005-10-19,3.3062534669075054
2005-10-20,3.3347778827356738
2005-10-21,3.2719435788932447
2005-10-24,3.2672128469039947
2005-10-25,3.3200825624726353
2005-10-26,3.4233249652760063
2005-10-27,3.4139572107070837
2005-10-28,3.420932800534601
2005-10-31,3.411285415384933
2005-11-01,3.420745547711531
2005-11-02,3.489056362520572
2005-11-03,3.5009578921557094
2005-11-04,3.510934176308485
2005-11-07,3.534977853356129
2005-11-08,3.516993693556512
2005-11-09,3.5504039981231235
2005-11-10,3.5754728809272858
2005-11-11,3.560668452480038
2005-11-14,3.549164388425867
2005-11-15,3.5871135289563347
2005-11-16,3.4895732952176397
2005-11-17,3.511683665838545
2005-11-18,3.5739052068077974
2005-11-21,3.5717148388387163
2005-11-22,3.546075810364661
2005-11-23,3.517086646949614
2005-11-24,3.416429546411059
2005-11-25,3.4581979577295647
2005-11-28,3.465609003872724
2005-11-29,3.465531388987324
2005-11-30,3.5039812423492886
2005-12-01,3.4271624623705685
2005-12-02,3.460157422643616
2005-12-05,3.4599798287792973
2005-12-06,3.4250535081929065
2005-12-07,3.417820809414061
2005-12-08,3.422971294293665
2005-12-09,3.4695494355411824
2005-12-12,3.4578240084981706
2005-12-13,3.4365883309550966
2005-12-14,3.4034272866907815
2005-12-15,3.405735242021895
2005-12-16,3.3787174534742426
2005-12-19,3.384199471879929
2005-12-20,3.3963833807048593
2005-12-21,3.4223570595541566
2005-12-22,3.4129554890161784
2005-12-23,3.416182841727303
2005-12-27,3.3761661163335734
2005-12-28,3.3381724415402987
2005-12-29,3.3626692784664245
2005-12-30,3.287880740278383
2006-01-02,3.4081301457329762
2006-01-03,3.4171295335659853
2006-01-04,3.348986500300197
2006-01-05,3.3215076970259374
2006-01-06,3.3202371416983287
2006-01-09,3.287734568176082
2006-01-10,3.3063031419478683
2006-01-11,3.3233898488307494
2006-01-12,3.2972490942777712
2006-01-13,3.290726390167931
2006-01-16,3.294808782623306
2006-01-17,3.2933983826290714
2006-01-18,3.3131909126850565
2006-01-19,3.3783501181663835
2006-01-20,3.374385733802892
2006-01-23,3.419494218994128
2006-01-24,3.4184677095200446
2006-01-25,3.448599148800847
2006-01-26,3.4830515431945943
2006-01-27,3.492088122874119
2006-01-30,3.500613508841822
2006-01-31,3.50406752714801
2006-02-01,3.5083467312949206
2006-02-02,3.56286549792055
2006-02-03,3.54533041928387
2006-02-06,3.5041323875388857
2006-02-07,3.5146540150053367
2006-02-08,3.536452465351409
2006-02-09,3.5360618131521964
2006-02-10,3.477819559040464
2006-02-13,3.5244945974099844
2006-02-14,3.541226944194082
2006-02-15,3.5416390734483896
2006-02-16,3.5470641531155116
2006-02-17,3.511069402314086
2006-02-20,3.4745793326370866
2006-02-21,3.4958598209179277
2006-02-22,3.4631614489848808
2006-02-23,3.493746147616054
2006-02-24,3.51777990255246
2006-02-27,3.537666069795791
2006-02-28,3.523746589263721
2006-03-01,3.5338625450298533
2006-03-02,3.589268802929232
2006-03-03,3.634949593980572
2006-03-06,3.6178260561466042
2006-03-07,3.628400623955457
2006-03-08,3.664544039643319
2006-03-09,3.678963159531306
2006-03-10,3.718534928125541
2006-03-13,3.7212380498650264
2006-03-14,3.683976295820951
2006-03-15,3.687748229652351
2006-03-16,3.6943089151501205
2006-03-17,3.7210052272026886
2006-03-20,3.6897171283253374
2006-03-21,3.70755778684254
2006-03-22,3.6697024229367035
2006-03-23,3.683787189376301
2006-03-24,3.692213784397044
2006-03-27,3.665656925138886
2006-03-28,3.751434824465821
2006-03-29,3.7849387946392636
2006-03-30,3.8134603592249747
2006-03-31,3.816313660640099
2006-04-03,3.8897913630451746
2006-04-04,3.877282118124961
2006-04-05,3.892255839246532
2006-04-06,3.9042343979301357
2006-04-07,3.9571510190392702
2006-04-10,3.93758835770571
2006-04-11,3.9146260436316442
2006-04-12,3.908150677553358
2006-04-13,3.995930420501137
2006-04-18,3.9978210464416457
2006-04-19,3.989638206052436
2006-04-20,3.9844807837550857
2006-04-21,3.971849926452136
2006-04-24,3.991136284577708
2006-04-25,4.066409733900662
2006-04-26,4.08052546739017
2006-04-27,4.0381798543095355
2006-04-28,4.024394161122969
2006-05-02,4.029963384857916
2006-05-03,4.04209991322219
2006-05-04,4.063002273500287
2006-05-05,4.032311334857877
2006-05-08,4.0374153559557495
2006-05-09,4.060139596717568
2006-05-10,4.041030157413896
2006-05-11,4.104113037357078
2006-05-12,4.091683486506838
2006-05-15,4.101082110817117
2006-05-16,4.054104285265989
2006-05-17,4.102629065900926
2006-05-18,4.065062670129077
2006-05-19,4.032610546060451
2006-05-22,3.966033510196879
2006-05-23,3.9515184290168834
2006-05-24,3.9187248671177533
2006-05-25,3.9061926383102916
2006-05-26,3.9057758158181035
2006-05-29,3.927544917815739
2006-05-30,3.969343513406531
2006-05-31,3.9954152269365113
2006-06-01,4.026099646865788
2006-06-02,3.96758734387259
2006-06-05,3.971227439310909
2006-06-06,4.028999706358346
2006-06-07,4.049300446389719
2006-06-08,4.02465305468859
2006-06-09,3.96671930578203
2006-06-12,3.952569198935729
2006-06-13,3.9244936887910233
2006-06-14,3.9262738568287867
2006-06-15,3.979709392143567
2006-06-16,3.968542192016923
2006-06-19,3.998415298737463
2006-06-20,4.0038232455680856
2006-06-21,4.047960900148594
2006-06-22,4.063548104904034
2006-06-23,4.109568173922918
2006-06-26,4.119774894248954
2006-06-27,4.121724053546557
2006-06-28,4.122152498985691
2006-06-29,4.088010402918833
2006-06-30,4.103100162212514
2006-07-03,4.1008078656775
2006-07-04,4.1010287442039886
2006-07-05,4.148807635690817
2006-07-06,4.136791368397374
2006-07-07,4.1025328050233725
2006-07-10,4.107092160744076
2006-07-11,4.091964244284528
2006-07-12,4.109965099620631
2006-07-13,4.076095112333364
2006-07-14,4.024573664054681
2006-07-17,4.025441556240055
2006-07-18,4.042387152049845
2006-07-19,4.041815747914965
2006-07-20,4.017592837535713
2006-07-21,3.9820674018163738
2006-07-24,3.9786071173600526
2006-07-25,3.9770072335925146
2006-07-26,4.01777902344417
2006-07-27,3.9746544705066436
2006-07-28,3.958014007523051
2006-07-31,3.9727032579780026
2006-08-01,3.9943055769021147
2006-08-02,3.9833463481642455
2006-08-03,4.007096875535272
2006-08-04,3.9589871182738663
2006-08-07,3.9672898347104177
2006-08-08,3.9629143969185727
2006-08-09,3.9892588830081372
2006-08-10,3.9824544940273965
2006-08-11,4.017111423580159
2006-08-14,4.0566724596794215
2006-08-15,4.022017802177902
2006-08-16,3.994272207827692
2006-08-17,3.9587081663068653
2006-08-18,3.9623793395345333
2006-08-21,3.9168155232573385
2006-08-22,3.871414336927561
2006-08-23,3.8599702938254854
2006-08-24,3.863906872954062
2006-08-25,3.867714516911711
2006-08-28,3.8738357917706736
2006-08-29,3.8818883436525105
2006-08-30,3.8564139277192506
2006-08-31,3.818126216569512
2006-09-01,3.8022329253235316
2006-09-04,3.801773322942186
2006-09-05,3.8257502274801367
2006-09-06,3.8825352623819867
2006-09-07,3.898264312774358
2006-09-08,3.820756292257264
2006-09-11,3.837794546513936
2006-09-12,3.8688000051923503
2006-09-13,3.864226672679414
2006-09-14,3.8337147639758458
2006-09-15,3.7948338270527855
2006-09-18,3.8568387491288862
2006-09-19,3.8139945027671978
2006-09-20,3.794168980551154
2006-09-21,3.804411810048842
2006-09-22,3.7363794277307782
2006-09-25,3.7161355750150036
2006-09-26,3.7032469277062607
2006-09-27,3.6906092263776427
2006-09-28,3.722080317994998
2006-09-29,3.7240407716270054
2006-10-02,3.748480308564861
2006-10-03,3.701499959939757
2006-10-04,3.6887983311877353
2006-10-05,3.680073760386727
2006-10-06,3.7224887839912757
2006-10-09,3.7373075782034455
2006-10-10,3.765548399951896
2006-10-11,3.773943512976101
2006-10-12,3.7755855303823367
2006-10-13,3.7971796801804163
2006-10-16,3.8032500192123133
2006-10-17,3.7721989372843767
2006-10-18,3.789151070604259
2006-10-19,3.817647276637678
2006-10-20,3.8114822436905342
2006-10-23,3.8474406391695473
2006-10-24,3.8437510608674783
2006-10-25,3.856003630640361
2006-10-26,3.8366148989843807
2006-10-27,3.7822044438141393
2006-10-30,3.7635302272805955
2006-10-31,3.7906716591742216
2006-11-01,3.7465101717616336
2006-11-02,3.7481658464935412
2006-11-03,3.7796897923139086
2006-11-06,3.808068700554104
2006-11-07,3.7643524595920494
2006-11-08,3.7610011642735612
2006-11-09,3.7687436578118962
2006-11-10,3.7479438521346076
2006-11-13,3.7598237846135487
2006-11-14,3.7387615290244223
2006-11-15,3.7630891143803558
2006-11-16,3.7575974661516387
2006-11-17,3.7648785171631385
2006-11-20,3.7406489990818312
2006-11-21,3.73974709683248
2006-11-22,3.7401879139485064
2006-11-23,3.7602407478639575
2006-11-24,3.732886933462967
2006-11-27,3.7510027448227685
2006-11-28,3.7264294725232947
2006-11-29,3.7255588074737425
2006-11-30,3.7311541515794686
2006-12-01,3.7212582664351874
2006-12-04,3.7045557850146897
2006-12-05,3.698963323123956
2006-12-06,3.7143753341348296
2006-12-07,3.727732189739587
2006-12-08,3.723115232358285
2006-12-11,3.767795490923233
2006-12-12,3.7641438838954944
2006-12-13,3.758152613911677
2006-12-14,3.805305072378789
2006-12-15,3.8011118784439266
2006-12-18,3.845004841532055
2006-12-19,3.8819876238618765
2006-12-20,3.893453561367968
2006-12-21,3.9058996977980227
2006-12-22,3.904081883654092
2006-12-27,3.9339526120965354
2006-12-28,3.969199126847096
2006-12-29,3.976019190668191
2007-01-02,3.955759764785133
2007-01-03,3.9527060358962793
2007-01-04,3.965030688297424
2007-01-05,3.99911038990196
2007-01-08,4.001203917276387
2007-01-09,4.013364763988189
2007-01-10,4.032663715411364
2007-01-11,4.030375423971093
2007-01-12,4.070193384606637
2007-01-15,4.0667875946809255
2007-01-16,4.049195036829894
2007-01-17,4.050212436893748
2007-01-18,4.0982931785987615
2007-01-19,4.052389888706415
2007-01-22,4.044328779220023
2007-01-23,4.03013837465556
2007-01-24,4.0477384611772855
2007-01-25,4.068530386494666
2007-01-26,4.116143054093354
2007-01-29,4.113817275729144
2007-01-30,4.098517668434984
2007-01-31,4.099259955036462
2007-02-01,4.059283125695029
2007-02-02,4.092115833642842
2007-02-05,4.042082971280766
2007-02-06,4.042239384167163
2007-02-07,4.029130487835757
2007-02-08,4.039217846225202
2007-02-09,4.067013087249921
2007-02-12,4.095455042509981
2007-02-13,4.103507006160799
2007-02-14,4.0961552232137945
2007-02-15,4.043192487476124
2007-02-16,4.037843743553326
2007-02-19,4.060223573117656
2007-02-20,4.071940280024418
2007-02-21,4.0550103611677875
2007-02-22,4.06681436659562
2007-02-23,4.038795687898644
2007-02-26,3.9990541783199807
2007-02-27,3.979315298730353
2007-02-28,3.9573890068332993
2007-03-01,3.9480407136208577
2007-03-02,3.9542622838821657
2007-03-05,3.924842494601576
2007-03-06,3.9337780922769165
2007-03-07,3.942096367614286
2007-03-08,3.9425396100359413
2007-03-09,3.9654106716116146
2007-03-12,3.946741831786976
2007-03-13,3.9332430246353463
2007-03-14,3.913721492293002
2007-03-15,3.9298144421209664
2007-03-16,3.9347742514660538
2007-03-19,3.949599195849754
2007-03-20,3.931940507222286
2007-03-21,3.9472601857835747
2007-03-22,3.94424778129522
2007-03-23,4.011703572415588
2007-03-26,4.0230609603279905
2007-03-27,4.033205573261039
2007-03-28,4.049414124680433
2007-03-29,4.060970566565064
2007-03-30,4.062165172725573
2007-04-02,4.0698087727878365
2007-04-03,4.096630584922004
2007-04-04,4.0834147547666255
2007-04-05,4.091480555348951
2007-04-10,4.133882160007479
2007-04-11,4.144570301103409
2007-04-12,4.181185711465348
2007-04-13,4.216793680003958
2007-04-16,4.212844774973295
2007-04-17,4.194946257889298
2007-04-18,4.158970433050929
2007-04-19,4.180881425056495
2007-04-20,4.2087169860069995
2007-04-23,4.194061942051812
2007-04-24,4.1683568947615335
2007-04-25,4.185262909424795
2007-04-26,4.193571226555201
2007-04-27,4.223735386103576
2007-04-30,4.1707810127373826
2007-05-02,4.201491483032295
2007-05-03,4.22537615924195
2007-05-04,4.190978951857871
2007-05-07,4.221073247267965
2007-05-08,4.191886859761932
2007-05-09,4.218480977322087
2007-05-10,4.218455821350187
2007-05-11,4.187630032316847
2007-05-14,4.263055067885567
2007-05-15,4.288476895649555
2007-05-16,4.3077157298691535
2007-05-17,4.300734013319927
2007-05-18,4.308590563698758
2007-05-21,4.325894699357782
2007-05-22,4.329543668433427
2007-05-23,4.338040477718441
2007-05-24,4.359226877288106
2007-05-25,4.361210363483306
2007-05-28,4.365875367198057
2007-05-29,4.377341135684252
2007-05-30,4.381828241155274
2007-05-31,4.404033175714065
2007-06-01,4.424028403598252
2007-06-04,4.432625812514578
2007-06-05,4.455535784583862
2007-06-06,4.457500591202604
2007-06-07,4.508308494078924
2007-06-08,4.548621477248104
2007-06-11,4.541253612938437
2007-06-12,4.594712120456023
2007-06-13,4.63463014722191
2007-06-14,4.611305537132375
2007-06-15,4.655183902434621
2007-06-18,4.655118062231772
2007-06-19,4.612696623309995
2007-06-20,4.6403019682133335
2007-06-21,4.626546093649958
2007-06-22,4.657915185804869
2007-06-25,4.602436428620624
2007-06-26,4.596923083638623
2007-06-27,4.539292109502818
2007-06-28,4.557638739088536
2007-06-29,4.5534561576328985
2007-07-02,4.532932625895617
2007-07-03,4.5367733347397525
2007-07-04,4.591169444084191
2007-07-05,4.637639315676811
2007-07-06,4.675795801546323
2007-07-09,4.666663130060397
2007-07-10,4.601266980653142
2007-07-11,4.5670870867310365
2007-07-12,4.615967872328817
2007-07-13,4.6101650710118385
2007-07-16,4.600487683189192
2007-07-17,4.600080311365777
2007-07-18,4.595950398936701
2007-07-19,4.584549543856557
2007-07-20,4.483598995011362
2007-07-23,4.462614229782469
2007-07-24,4.461077846405062
2007-07-25,4.453918781100973
2007-07-26,4.4152933631900195
2007-07-27,4.408173432699021
2007-07-30,4.402385228545234
2007-07-31,4.434363017587972
2007-08-01,4.409462631384384
2007-08-02,4.442941165308696
2007-08-03,4.401976980038434
2007-08-06,4.398385200655876
2007-08-07,4.416764410780293
2007-08-08,4.4736393414407924
2007-08-09,4.430198560899988
2007-08-10,4.426498173986629
2007-08-13,4.441893250617571
2007-08-14,4.46210636821894
2007-08-15,4.404240074695592
2007-08-16,4.35824828273103
2007-08-17,4.360017933500872
2007-08-20,4.380020228428451
2007-08-21,4.34157565962779
2007-08-22,4.379140039089624
2007-08-23,4.382869413507636
2007-08-24,4.349225510796545
2007-08-27,4.367025125368483
2007-08-28,4.350005218709429
2007-08-29,4.322317747038507
2007-08-30,4.348705209445048
2007-08-31,4.395376102088411
2007-09-03,4.375017543146667
2007-09-04,4.3591970425797335
2007-09-05,4.347376901653033
2007-09-06,4.341198219727781
2007-09-07,4.314491993328362
2007-09-10,4.256326414524367
2007-09-11,4.2427112682165316
2007-09-12,4.262898445818266
2007-09-13,4.290653863440852
2007-09-14,4.264738652271828
2007-09-17,4.2919043758333375
2007-09-18,4.326646674719304
2007-09-19,4.370994439957818
2007-09-20,4.42089417566707
2007-09-21,4.438759155786913
2007-09-24,4.440601897013757
2007-09-25,4.414408771068546
2007-09-26,4.480352630323209
2007-09-27,4.475917374793071
2007-09-28,4.432242976562636
2007-10-01,4.431934503832334
2007-10-02,4.413944204912862
2007-10-03,4.375030200471668
2007-10-04,4.3757672865956065
2007-10-05,4.421339003583746
2007-10-08,4.4225413382592835
2007-10-09,4.385556040707821
2007-10-10,4.433037900648393
2007-10-11,4.4584786869034625
2007-10-12,4.47037182826557
2007-10-15,4.492420873084682
2007-10-16,4.50198404580791
2007-10-17,4.485728579510256
2007-10-18,4.405693100950849
2007-10-19,4.361784584693035
2007-10-22,4.2851872269293425
2007-10-23,4.294247035492034
2007-10-24,4.257215798939466
2007-10-25,4.248680794749645
2007-10-26,4.278154656337583
2007-10-29,4.266396001190753
2007-10-30,4.295615651216566
2007-10-31,4.33607171431639
2007-11-01,4.310919883802089
2007-11-02,4.267606459097897
2007-11-05,4.259523046258765
2007-11-06,4.298442468711212
2007-11-07,4.268022043955137
2007-11-08,4.259973516027246
2007-11-09,4.2203030114945745
2007-11-12,4.225830407649563
2007-11-13,4.229961919900728
2007-11-14,4.27286184861469
2007-11-15,4.251878294418326
2007-11-16,4.2388220391420655
2007-11-19,4.224669145720856
2007-11-20,4.220776521408081
2007-11-21,4.199402068104331
2007-11-22,4.212960892489935
2007-11-23,4.219307657098181
2007-11-26,4.219970065687086
2007-11-27,4.1930698935797075
2007-11-28,4.2756349660623405
2007-11-29,4.260121769206881
2007-11-30,4.283520360716197
2007-12-03,4.260493146441133
2007-12-04,4.204821128609405
2007-12-05,4.216083398025818
2007-12-06,4.246918862450955
2007-12-07,4.3275922835192135
2007-12-10,4.372102612194732
2007-12-11,4.3709870472522905
2007-12-12,4.420169426771354
2007-12-13,4.4123179880851255
2007-12-14,4.395178172664849
2007-12-17,4.397160787804444
2007-12-18,4.409733370842342
2007-12-19,4.3923907766543016
2007-12-20,4.386272229441149
2007-12-21,4.401574939705345
2007-12-24,4.401490458505205
2007-12-27,4.452883957038296
2007-12-28,4.428518367475358
2007-12-31,4.430709255688682
2008-01-02,4.383923871797172
2008-01-03,4.320834469446944
2008-01-04,4.275757131697025
2008-01-07,4.274769526886399
2008-01-08,4.276482823113581
2008-01-09,4.251167887679671
2008-01-10,4.248071516076547
2008-01-11,4.245318606491357
2008-01-14,4.202014668044502
2008-01-15,4.183526520621146
2008-01-16,4.175717405477473
2008-01-17,4.168917556758297
2008-01-18,4.150170625880458
2008-01-21,4.106636401461317
2008-01-22,4.148789858696359
2008-01-23,4.132535534345015
2008-01-24,4.183198780881377
2008-01-25,4.2113405510268285
2008-01-28,4.156089571507017
2008-01-29,4.170558147058479
2008-01-30,4.208551678790141
2008-01-31,4.126369587293719
2008-02-01,4.120599300671268
2008-02-04,4.106766654638827
2008-02-05,4.049317559970383
2008-02-06,4.069545968814676
2008-02-07,4.066424752233544
2008-02-08,4.069265523274307
2008-02-11,4.054384237419064
2008-02-12,4.131402813070439
2008-02-13,4.160921637924724
2008-02-14,4.201108248420357
2008-02-15,4.176047011001562
2008-02-18,4.22509550837012
2008-02-19,4.2293706499213535
2008-02-20,4.2324399144493725
2008-02-21,4.259867335080367
2008-02-22,4.217679846031004
2008-02-25,4.242435613708867
2008-02-26,4.298511957307285
2008-02-27,4.2981706693096235
2008-02-28,4.25778369252519
2008-02-29,4.158472883218506
2008-03-03,4.117092638532849
2008-03-04,4.12985161821494
2008-03-05,4.174168516908951
2008-03-06,4.182815493359932
2008-03-07,4.179493277786327
2008-03-10,4.159420544185413
2008-03-11,4.163343830020234
2008-03-12,4.128753081094985
2008-03-13,4.102255387584317
2008-03-14,4.118695654418377
2008-03-17,4.124923584901525
2008-03-18,4.162805010135004
2008-03-19,4.129638696815006
2008-03-20,4.098285665915635
2008-03-25,4.150182151088536
2008-03-26,4.173150566624585
2008-03-27,4.219912964257022
2008-03-28,4.237432383769228
2008-03-31,4.212172255756356
2008-04-01,4.225045575525437
2008-04-02,4.215077129460009
2008-04-03,4.262084733013889
2008-04-04,4.218431343256176
2008-04-07,4.263301764986193
2008-04-08,4.285465003223394
2008-04-09,4.308177401403392
2008-04-10,4.245310245899172
2008-04-11,4.202430214967772
2008-04-14,4.23293147644917
2008-04-15,4.292634532840184
2008-04-16,4.3163277510005535
2008-04-17,4.378921817474723
2008-04-18,4.408419401647138
2008-04-21,4.392513967555736
2008-04-22,4.411716079340421
2008-04-23,4.405787726469711
2008-04-24,4.423017917819015
2008-04-25,4.422589001846402
2008-04-28,4.461509089693516
2008-04-29,4.42829869870222
2008-04-30,4.383248392125734
2008-05-02,4.444126089889675
2008-05-05,4.403467369909296
2008-05-06,4.359120401476376
2008-05-07,4.4109463771812365
2008-05-08,4.3598253290481725
2008-05-09,4.2948784539743325
2008-05-12,4.29473257227343
2008-05-13,4.352598502970357
2008-05-14,4.412244706635561
2008-05-15,4.4496792829667395
2008-05-16,4.433383521491571
2008-05-19,4.427361918763165
2008-05-20,4.4176019540658364
2008-05-21,4.490694440888064
2008-05-22,4.514747599932422
2008-05-23,4.488188397036007
2008-05-26,4.505911360177095
2008-05-27,4.522878329486824
2008-05-28,4.572125359472604
2008-05-29,4.684994563316265
2008-05-30,4.616890861741921
2008-06-02,4.595324406834868
2008-06-03,4.676879712048823
2008-06-04,4.6092479339636085
2008-06-05,4.687812371136915
2008-06-06,4.649539845581699
2008-06-09,4.698885393757442
2008-06-10,4.764571044955759
2008-06-11,4.776663797718308
2008-06-12,4.828837477206388
2008-06-13,4.8638437491923145
2008-06-16,4.8824446538082995
2008-06-17,4.848774695224483
2008-06-18,4.820739531148151
2008-06-19,4.835061815574035
2008-06-20,4.815993052193496
2008-06-23,4.800894210784967
2008-06-24,4.826623024492602
2008-06-25,4.839486053363506
2008-06-26,4.796485609983217
2008-06-27,4.787722230771426
2008-06-30,4.860787005585257
2008-07-01,4.784093935758082
2008-07-02,4.860262989366159
2008-07-03,4.816332124886408
2008-07-04,4.782358325078669
2008-07-07,4.70854643182185
2008-07-08,4.700020011513541
2008-07-09,4.679276941466869
2008-07-10,4.6570768813477255
2008-07-11,4.649144902886148
2008-07-14,4.662012414753239
2008-07-15,4.631366215159029
2008-07-16,4.665880801382696
2008-07-17,4.722489470937436
2008-07-18,4.804776601462358
2008-07-21,4.866839048787295
2008-07-22,4.859635395033444
2008-07-23,4.889013954967458
2008-07-24,4.821666409427349
2008-07-25,4.7888910391202355
2008-07-28,4.781691217378194
2008-07-29,4.745747927472772
2008-07-30,4.69419705673423
2008-07-31,4.645711904495338
2008-08-01,4.617613687760531
2008-08-04,4.606661736237793
2008-08-05,4.577435905748944
2008-08-06,4.576496851344656
2008-08-07,4.529610833604036
2008-08-08,4.5060943448522295
2008-08-11,4.527516746937796
2008-08-12,4.487882585013131
2008-08-13,4.494893049958943
2008-08-14,4.484960104838025
2008-08-15,4.470844194973703
2008-08-18,4.437924737830515
2008-08-19,4.406739702655919
2008-08-20,4.405405528884991
2008-08-21,4.474073384304903
2008-08-22,4.499043956198096
2008-08-25,4.431856185341509
2008-08-26,4.409136631286568
2008-08-27,4.499849149525017
2008-08-28,4.498736999246651
2008-08-29,4.486536825286634
2008-09-01,4.43119148685262
2008-09-02,4.501090374186551
2008-09-03,4.467138306907213
2008-09-04,4.447634589989528
2008-09-05,4.351364148235112
2008-09-08,4.421607305997041
2008-09-09,4.448778056835715
2008-09-10,4.439053955910712
2008-09-11,4.410412908912539
2008-09-12,4.468119564211031
2008-09-15,4.418855145335582
2008-09-16,4.3915132591420285
2008-09-17,4.475395082592202
2008-09-18,4.506018536811414
2008-09-19,4.595130861270521
2008-09-22,4.667634903221343
2008-09-23,4.632273178682781
2008-09-24,4.580012122016046
2008-09-25,4.59678899035712
2008-09-26,4.572386817020289
2008-09-29,4.550188095740024
2008-09-30,4.500793514158448
2008-10-01,4.496691374315402
2008-10-02,4.4738878739353956
2008-10-03,4.36121130507363
2008-10-06,4.290650267172712
2008-10-07,4.258262312532046
2008-10-08,4.235018598699519
2008-10-09,4.397821763841286
2008-10-10,4.454347731005429
2008-10-13,4.560792105091464
2008-10-14,4.528657795838026
2008-10-15,4.5538873999444505
2008-10-16,4.569319584816753
2008-10-17,4.42355101502564
2008-10-20,4.474464693020571
2008-10-21,4.4192224626505014
2008-10-22,4.325405085160394
2008-10-23,4.300073230992451
2008-10-24,4.292429443616345
2008-10-27,4.315674704922598
2008-10-28,4.338527534522606
2008-10-29,4.369652944150477
2008-10-30,4.413910288072959
2008-10-31,4.459830304507656
2008-11-03,4.468927745995756
2008-11-04,4.439305530213371
2008-11-05,4.406242946334634
2008-11-06,4.389558012341979
2008-11-07,4.328190039281442
2008-11-10,4.319441223716708
2008-11-11,4.320261267563075
2008-11-12,4.295248103340522
2008-11-13,4.303827688237771
2008-11-14,4.283235607338987
2008-11-17,4.288128824762596
2008-11-18,4.271740527180444
2008-11-19,4.22519685327581
2008-11-20,4.130120619105818
2008-11-21,4.118433994701491
2008-11-24,4.092735024623389
2008-11-25,4.05461991653658
2008-11-26,4.017848215847213
2008-11-27,4.030987240159416
2008-11-28,4.002676744750938
2008-12-01,3.9544728675012086
2008-12-02,3.908190567519901
2008-12-03,3.822762990795347
2008-12-04,3.825347007395618
2008-12-05,3.888943696249889
2008-12-08,3.943614046912796
2008-12-09,4.017622876079606
2008-12-10,4.027814299166781
2008-12-11,4.029046872185503
2008-12-12,4.036402638303439
2008-12-15,4.087148053578461
2008-12-16,4.010404892323635
2008-12-17,3.8936712167499614
2008-12-18,3.925836243098383
2008-12-19,3.911740530786222
2008-12-22,3.894378560771046
2008-12-23,3.903233931402394
2008-12-24,3.9028434690037437
2008-12-29,3.9049353313505732
2008-12-30,3.9227667858399062
2008-12-31,3.9232217760507955
2009-01-02,3.9339601921734886
2009-01-05,3.9421960068993114
2009-01-06,4.089704934709956
2009-01-07,4.054671296931051
2009-01-08,4.011498985614557
2009-01-09,3.970769669796175
2009-01-12,3.976946870242065
2009-01-13,3.9900974507236957
2009-01-14,4.002111122240211
2009-01-15,3.972425022050596
2009-01-16,4.0454687405052026
2009-01-19,4.093302486079413
2009-01-20,4.122058784400092
2009-01-21,4.204018559180327
2009-01-22,4.251111857258989
2009-01-23,4.29901129078624
2009-01-26,4.422238118149304
2009-01-27,4.33154179065951
2009-01-28,4.201852143693554
2009-01-29,4.181427542221558
2009-01-30,4.211254320035176
2009-02-02,4.184810071876989
2009-02-03,4.14563210327146
2009-02-04,4.193179077914457
2009-02-05,4.149728950501765
2009-02-06,4.185304669774895
2009-02-09,4.1635836911464645
2009-02-10,4.141437510617415
2009-02-11,4.068438712962079
2009-02-12,4.024688328596214
2009-02-13,4.088967302804001
2009-02-16,4.1556124420510905
2009-02-17,4.134366260883128
2009-02-18,4.097514860914899
2009-02-19,4.179629866752649
2009-02-20,4.134156310536201
2009-02-23,4.118585557043509
2009-02-24,4.148518341010178
2009-02-25,4.1113475448057795
2009-02-26,4.2307424707874866
2009-02-27,4.143665135177411
2009-03-02,4.1679346577763
2009-03-03,4.162092237247145
2009-03-04,4.210558980055672
2009-03-05,4.113967984866091
2009-03-06,4.076014289371619
2009-03-09,4.051371696345087
2009-03-10,4.1002673761370065
2009-03-11,4.171900466730325
2009-03-12,4.114657360791803
2009-03-13,4.146995737289107
2009-03-16,4.141017477955618
2009-03-17,4.194315507192843
2009-03-18,4.166451256311577
2009-03-19,4.056910911385808
2009-03-20,3.9543725910925067
2009-03-23,3.980733861112075
2009-03-24,4.08401975012244
2009-03-25,4.124735031307064
2009-03-26,4.0922036599384635
2009-03-27,4.103219774734734
2009-03-30,4.103054950256435
2009-03-31,4.096487944243766
2009-04-01,4.087587973107549
2009-04-02,4.1476839550174285
2009-04-03,4.157812593063258
2009-04-06,4.155015813134178
2009-04-07,4.172883460292758
2009-04-08,4.175983517337491
2009-04-09,4.21857311672455
2009-04-14,4.16036044096506
2009-04-15,4.121379342350208
2009-04-16,4.1532924642370865
2009-04-17,4.166457997693464
2009-04-20,4.117679874303036
2009-04-21,4.100517598755755
2009-04-22,4.136704788759537
2009-04-23,4.088920453996515
2009-04-24,4.123791611075899
2009-04-27,4.066141622054013
2009-04-28,4.063842528812967
2009-04-29,4.072482498107709
2009-04-30,4.078550468131889
2009-05-04,4.08648803122571
2009-05-05,4.058210357903951
2009-05-06,4.054647164107971
2009-05-07,4.138098316757664
2009-05-08,4.146510205515375
2009-05-11,4.103549485978502
2009-05-12,4.160136307301724
2009-05-13,4.127129524002059
2009-05-14,4.15344781949333
2009-05-15,4.160746273530586
2009-05-18,4.163805755261631
2009-05-19,4.210834654642638
2009-05-20,4.198388942486887
2009-05-21,4.168470550778333
2009-05-22,4.261165194448058
2009-05-25,4.3038518717291
2009-05-26,4.306836575457935
2009-05-27,4.335936704524687
2009-05-28,4.408560435737979
2009-05-29,4.412529304829344
2009-06-01,4.400120596162479
2009-06-02,4.411806920887818
2009-06-03,4.34300652180323
2009-06-04,4.449239959377421
2009-06-05,4.4457780685232
2009-06-08,4.418124153575897
2009-06-09,4.409049644977588
2009-06-10,4.410923535574436
2009-06-11,4.468530726639829
2009-06-12,4.404144055855314
2009-06-15,4.337680486341196
2009-06-16,4.335871356470518
2009-06-17,4.305992746064368
2009-06-18,4.342390378950435
2009-06-19,4.323074473214061
2009-06-22,4.273604387427755
2009-06-23,4.275080571742557
2009-06-24,4.255611006723257
2009-06-25,4.246078926916859
2009-06-26,4.234508839565691
2009-06-29,4.176819134745103
2009-06-30,4.2178275761157105
2009-07-01,4.201312749055046
2009-07-02,4.1523902490258795
2009-07-03,4.157119298203464
2009-07-06,4.128586010479791
2009-07-07,4.137342436573162
2009-07-08,4.163901600101072
2009-07-09,4.167187594464053
2009-07-10,4.141108651311399
2009-07-13,4.124302440427017
2009-07-14,4.1549484817838005
2009-07-15,4.161878162458989
2009-07-16,4.163760792419542
2009-07-17,4.1784982790677825
2009-07-20,4.179888936439853
2009-07-21,4.155072904055157
2009-07-22,4.123911207885679
2009-07-23,4.09356179754415
2009-07-24,4.128244015505825
2009-07-27,4.13216560842813
2009-07-28,4.073357568397059
2009-07-29,4.0419327648319126
2009-07-30,4.040991568428927
2009-07-31,3.937787401137209
2009-08-03,3.9404847709785384
2009-08-04,3.9596175001116865
2009-08-05,3.9708995494774073
2009-08-06,3.9597869104222223
2009-08-07,3.9871103404143673
2009-08-10,3.9896422809248384
2009-08-11,3.947686831919939
2009-08-12,3.9957047912540045
2009-08-13,3.984406488931251
2009-08-14,3.933332724554393
2009-08-17,3.9099618627235437
2009-08-18,3.916739922216813
2009-08-19,3.892953016313513
2009-08-20,3.8812883344732985
2009-08-21,3.8825693700920847
2009-08-24,3.9310662854962746
2009-08-25,3.9016122113419085
2009-08-26,3.847602744170347
2009-08-27,3.8275617844385432
2009-08-28,3.8558206246742692
2009-08-31,3.872030290512932
2009-09-01,3.9188794211500078
2009-09-02,3.9029169006112507
2009-09-03,3.9559901458473044
2009-09-04,3.926824711890741
2009-09-07,3.942511901417543
2009-09-08,3.965001088320555
2009-09-09,3.9807398348227174
2009-09-10,3.947520448752104
2009-09-11,3.908648909079772
2009-09-14,3.885081600812115
2009-09-15,3.8900847722311385
2009-09-16,3.940876333047353
2009-09-17,3.956336957632219
2009-09-18,3.9408372736525816
2009-09-21,3.95178181783549
2009-09-22,3.9512608101257864
2009-09-23,3.95180573828273
2009-09-24,3.909037649370568
2009-09-25,3.8577010468664987
2009-09-28,3.8401622089939695
2009-09-29,3.8779339928451493
2009-09-30,3.8553155224171904
2009-10-01,3.8912230308873053
2009-10-02,3.8146373170223176
2009-10-05,3.8110362387936783
2009-10-06,3.8368989422731468
2009-10-07,3.815441241410863
2009-10-08,3.792557271998551
2009-10-09,3.865683505831833
2009-10-12,3.84599414883857
2009-10-13,3.8504584517872185
2009-10-14,3.9050858936534016
2009-10-15,3.975469402284459
2009-10-16,3.9439007338693752
2009-10-19,3.9413819330694215
2009-10-20,3.8813858981973177
2009-10-21,3.907299473779892
2009-10-22,3.8820973585640983
2009-10-23,3.935764205203512
2009-10-26,3.979898999366971
2009-10-27,3.908708420602889
2009-10-28,3.8463535468363284
2009-10-29,3.931613334399918
2009-10-30,3.891305779307443
2009-11-02,3.844097025730907
2009-11-03,3.835905412555523
2009-11-04,3.889447489409197
2009-11-05,3.9171633876862075
2009-11-06,3.931730424021653
2009-11-09,3.88516398529052
2009-11-10,3.8419575006669446
2009-11-11,3.8555173326624637
2009-11-12,3.87569533034284
2009-11-13,3.905554783503783
2009-11-16,3.906477979965331
2009-11-17,3.868955322555782
2009-11-18,3.878500931895099
2009-11-19,3.8278990223620797
2009-11-20,3.8728475823783244
2009-11-23,3.868628824105506
2009-11-24,3.844355781868406
2009-11-25,3.831218377204126
2009-11-26,3.809522602416348
2009-11-27,3.8054670916552107
2009-11-30,3.814633946916898
2009-12-01,3.7855546951995014
2009-12-02,3.8006656259524347
2009-12-03,3.8173495381122557
2009-12-04,3.821970993954975
2009-12-07,3.738044331724352
2009-12-08,3.740569631332413
2009-12-09,3.7756983520317973
2009-12-10,3.810040304431129
2009-12-11,3.829387608515542
2009-12-14,3.7761975142736937
2009-12-15,3.7863069090880384
2009-12-16,3.7756251097976214
2009-12-17,3.7332865208757995
2009-12-18,3.739543578075579
2009-12-21,3.784985928582741
2009-12-22,3.820476936688662
2009-12-23,3.8497388728645174
2009-12-24,3.849964488822482
2009-12-28,3.8765151400611617
2009-12-29,3.8920069814096525
2009-12-30,3.9011931660811197
2009-12-31,3.901928668207691
2010-01-04,3.924701790862964
2010-01-05,3.9030393220042177
2010-01-06,3.9146129977708424
2010-01-07,3.891832772891609
2010-01-08,3.8689275129445186
2010-01-11,3.855931864297706
2010-01-12,3.840134606126212
2010-01-13,3.8647514856554595
2010-01-14,3.8935247481742232
2010-01-15,3.878124308416198
2010-01-18,3.863237837359581
2010-01-19,3.8904310746155724
2010-01-20,3.8843266706928694
2010-01-21,3.9000614900327406
2010-01-22,3.8597510556121457
2010-01-25,3.846007127213731
2010-01-26,3.8281851931187623
2010-01-27,3.8220187081609986
2010-01-28,3.869422434904885
2010-01-29,3.8720304146893323
2010-02-01,3.8356452765003213
2010-02-02,3.8373324798305126
2010-02-03,3.887104797000159
2010-02-04,3.8679084116196503
2010-02-05,3.842887175287337
2010-02-08,3.863946584802358
2010-02-09,3.843062785463184
2010-02-10,3.8575047476672206
2010-02-11,3.86514406042407
2010-02-12,3.866302079477666
2010-02-15,3.9028073213821965
2010-02-16,3.8938419672011366
2010-02-17,3.87997333719821
2010-02-18,3.906709407488034
2010-02-19,3.9346394135617637
2010-02-22,3.9275437910571607
2010-02-23,3.848648556021308
2010-02-24,3.822331965565668
2010-02-25,3.828464156693441
2010-02-26,3.8264065779266176
2010-03-01,3.8138414141521513
2010-03-02,3.816889230402551
2010-03-03,3.8437931142728976
2010-03-04,3.8386158485139426
2010-03-05,3.8497742626750564
2010-03-08,3.8439135819093515
2010-03-09,3.813896015153703
2010-03-10,3.820603301815584
2010-03-11,3.8230461174981323
2010-03-12,3.8477467905583964
2010-03-15,3.8159813021003552
2010-03-16,3.808298491702576
2010-03-17,3.787721391071547
2010-03-18,3.8107208746854173
2010-03-19,3.8210988577729017
2010-03-22,3.7903069196308325
2010-03-23,3.7657306587000976
2010-03-24,3.798159469810157
2010-03-25,3.8137076408616855
2010-03-26,3.8296102788420736
2010-03-29,3.8006330277565796
2010-03-30,3.817879199010046
2010-03-31,3.7785863447545056
2010-04-01,3.7816514294020758
2010-04-06,3.8148264657054796
2010-04-07,3.8159669573289263
2010-04-08,3.7997835323299576
2010-04-09,3.83848638304858
2010-04-12,3.809417654697424
2010-04-13,3.791630170261614
2010-04-14,3.8053588496824675
2010-04-15,3.807528822732071
2010-04-16,3.7910573621732535
2010-04-19,3.791131361199888
2010-04-20,3.7838408049773262
2010-04-21,3.825267171071453
2010-04-22,3.8097549100483485
2010-04-23,3.8359086727509495
2010-04-26,3.8445859283984145
2010-04-27,3.786357708830935
2010-04-28,3.760318349914715
2010-04-29,3.7850545159038
2010-04-30,3.7638456159890215
2010-05-03,3.778025801394562
2010-05-04,3.806652201835085
2010-05-05,3.7913890928288665
2010-05-06,3.8474306271217245
2010-05-07,3.863080878211097
2010-05-10,3.78022521542381
2010-05-11,3.7927244077931825
2010-05-12,3.7062881255800373
2010-05-13,3.7212512001287514
2010-05-14,3.674615077443495
2010-05-17,3.6950525960632756
2010-05-18,3.6550093207052354
2010-05-19,3.62877695950236
2010-05-20,3.626542911255667
2010-05-21,3.60219223123894
2010-05-24,3.5871861331840305
2010-05-25,3.5692675075901525
2010-05-26,3.6426466088404656
2010-05-27,3.6746756759051773
2010-05-28,3.676322208668524
2010-05-31,3.6609475934107043
2010-06-01,3.6760539819301377
2010-06-02,3.73499043724325
2010-06-03,3.81198657880684
2010-06-04,3.8145196945409627
2010-06-07,3.862368028484638
2010-06-08,3.853206802883575
2010-06-09,3.8169669184668384
2010-06-10,3.7830865477581788
2010-06-11,3.7548441934326515
2010-06-14,3.7940763693404906
2010-06-15,3.869513369445336
2010-06-16,3.8776073905381105
2010-06-17,3.8671044747654766
2010-06-18,3.872211090447486
2010-06-21,3.8494754570911187
2010-06-22,3.830976207654461
2010-06-23,3.8344696670351066
2010-06-24,3.8316989457395767
2010-06-25,3.85405495507368
2010-06-28,3.8448009707702027
2010-06-29,3.813557156671125
2010-06-30,3.8008136246771134
2010-07-01,3.773125204710266
2010-07-02,3.7327035310608485
2010-07-05,3.693273053857364
2010-07-06,3.7489253623304877
2010-07-07,3.7520403282908865
2010-07-08,3.758302495318167
2010-07-09,3.7490095778243506
2010-07-12,3.7384342952093474
2010-07-13,3.7599327506141833
2010-07-14,3.789863083832149
2010-07-15,3.824581524358584
2010-07-16,3.772286313085151
2010-07-19,3.7827695159473764
2010-07-20,3.7401721979369977
2010-07-21,3.7380659744289115
2010-07-22,3.772959235909769
2010-07-23,3.7721327322722384
2010-07-26,3.762819230164834
2010-07-27,3.7047227663158404
2010-07-28,3.7149765479894796
2010-07-29,3.7077732774386347
2010-07-30,3.6837261649359587
2010-08-02,3.7064906542906715
2010-08-03,3.640698117143402
2010-08-04,3.62937957419681
2010-08-05,3.6033853532746085
2010-08-06,3.544733180048188
2010-08-09,3.5344279370322758
2010-08-10,3.5890755410248065
2010-08-11,3.5591746894323797
2010-08-12,3.5471648206129824
2010-08-13,3.580786069112963
2010-08-16,3.5166852603858874
2010-08-17,3.5152749084748054
2010-08-18,3.4441728792169686
2010-08-19,3.444742097299833
2010-08-20,3.4374642928292807
2010-08-23,3.4443204338597173
2010-08-24,3.3743942843451733
2010-08-25,3.3479681852126744
2010-08-26,3.372368280009814
2010-08-27,3.348936557177879
2010-08-30,3.368731353161522
2010-08-31,3.352624384959844
2010-09-01,3.396658130822399
2010-09-02,3.4120656438884174
2010-09-03,3.458329192147329
2010-09-06,3.464925315024601
2010-09-07,3.4466533421961665
2010-09-08,3.4704989727428637
2010-09-09,3.4900595396911926
2010-09-10,3.5294711303334982
2010-09-13,3.572387916116153
2010-09-14,3.5470401176043045
2010-09-15,3.5499584903357846
2010-09-16,3.6631090106867252
2010-09-17,3.604100018401485
2010-09-20,3.649322308950489
2010-09-21,3.658105565044213
2010-09-22,3.558708458549237
2010-09-23,3.5425198436620384
2010-09-24,3.5330302782173364
2010-09-27,3.493091442143583
2010-09-28,3.538378595947038
2010-09-29,3.5175442059567503
2010-09-30,3.486009691233191
2010-10-01,3.455397602674007
2010-10-04,3.395147768111726
2010-10-05,3.4056603053447922
2010-10-06,3.4227505956042057
2010-10-07,3.4353853956719655
2010-10-08,3.434657362700018
2010-10-11,3.4206060517136345
2010-10-12,3.4353700617668865
2010-10-13,3.4738173642340833
2010-10-14,3.4095890219109606
2010-10-15,3.4798978126520015
2010-10-18,3.4270141956608224
2010-10-19,3.4744142823117947
2010-10-20,3.492472167781675
2010-10-21,3.4598257635321628
2010-10-22,3.5059570022277082
2010-10-25,3.4783567050973385
2010-10-26,3.4477597460260467
2010-10-27,3.5234287371771886
2010-10-28,3.51909785890666
2010-10-29,3.514598366547795
2010-11-01,3.497962252588054
2010-11-02,3.504298079112745
2010-11-03,3.4603231761264253
2010-11-04,3.5078425499329287
2010-11-05,3.5209090109259007
2010-11-08,3.523694229375808
2010-11-09,3.52980402117619
2010-11-10,3.639523882419424
2010-11-11,3.6892154139526223
2010-11-12,3.7081800248544
2010-11-15,3.737180878475419
2010-11-16,3.7486082899297175
2010-11-17,3.7629562890259534
2010-11-18,3.7796432146557217
2010-11-19,3.776857880874309
2010-11-22,3.755780660103242
2010-11-23,3.7473169071379173
2010-11-24,3.8612125668498845
2010-11-25,3.91140098260811
2010-11-26,3.9236933286308906
2010-11-29,4.007664562309909
2010-11-30,4.057465976236204
2010-12-01,4.0170432623886985
2010-12-02,3.953722484085226
2010-12-03,3.956478566940943
2010-12-06,3.964098728479857
2010-12-07,4.003632800245326
2010-12-08,4.035635044134015
2010-12-09,3.986778850750274
2010-12-10,4.022532501254215
2010-12-13,4.042061125804188
2010-12-14,4.071804889391977
2010-12-15,4.0793238887203245
2010-12-16,4.110656033102249
2010-12-17,4.097176050021011
2010-12-20,4.048904915510708
2010-12-21,4.060459916759669
2010-12-22,4.056888768666148
2010-12-23,4.077148760460823
2010-12-24,4.077888996588818
2010-12-27,4.117062746670271
2010-12-28,4.085045905001076
2010-12-29,4.152592539975723
2010-12-30,4.122620748601543
2010-12-31,4.124373841818674
2011-01-03,4.109405888211257
2011-01-04,4.045937361250776
2011-01-05,4.042625935745513
2011-01-06,4.112624982631493
2011-01-07,4.171672386511586
2011-01-10,4.098746285559297
2011-01-11,4.12377545627236
2011-01-12,4.162475017053275
2011-01-13,4.109585938134334
2011-01-14,4.0839422617463015
2011-01-17,4.126134858818449
2011-01-18,4.232060159208633
2011-01-19,4.149813912949291
2011-01-20,4.22155795027993
2011-01-21,4.208759129775652
2011-01-24,4.177310926307456
2011-01-25,4.192312878774736
2011-01-26,4.233926658779538
2011-01-27,4.248960882104188
2011-01-28,4.254272470840586
2011-01-31,4.227512511763255
2011-02-01,4.167307270546581
2011-02-02,4.174630268950425
2011-02-03,4.216057042699081
2011-02-04,4.205451600384106
2011-02-07,4.252789466251695
2011-02-08,4.282020448427456
2011-02-09,4.308495591281901
2011-02-10,4.275126786560198
2011-02-11,4.3104586015001845
2011-02-14,4.344002891954436
2011-02-15,4.350852076047129
2011-02-16,4.291444284783036
2011-02-17,4.276318314045226
2011-02-18,4.161302373252155
2011-02-21,4.2407108023885645
2011-02-22,4.236055218293471
2011-02-23,4.218412825724742
2011-02-24,4.172477840528199
2011-02-25,4.1984328786090614
2011-02-28,4.218566821843032
2011-03-01,4.226117031858163
2011-03-02,4.217531462943205
2011-03-03,4.293630132864768
2011-03-04,4.2937310524709
2011-03-07,4.324113956019178
2011-03-08,4.340555108423242
2011-03-09,4.351571119319994
2011-03-10,4.326440262104005
2011-03-11,4.27282520593696
2011-03-14,4.207985286169381
2011-03-15,4.140220211219711
2011-03-16,4.114218010058438
2011-03-17,4.16164717181028
2011-03-18,4.182517969636338
2011-03-21,4.220622695876376
2011-03-22,4.245047927862632
2011-03-23,4.258178800253212
2011-03-24,4.252611931122549
2011-03-25,4.274263928264164
2011-03-28,4.310979429998213
2011-03-29,4.33200184608257
2011-03-30,4.360047223191639
2011-03-31,4.360758780774335
2011-04-01,4.381175466515558
2011-04-04,4.356542115610126
2011-04-05,4.352996894999615
2011-04-06,4.34024923243882
2011-04-07,4.316719222110093
2011-04-08,4.351920559851946
2011-04-11,4.317483478618069
2011-04-12,4.271606082363313
2011-04-13,4.2966858657025995
2011-04-14,4.356052341680865
2011-04-15,4.337958646412328
2011-04-18,4.327764850928894
2011-04-19,4.364234662953814
2011-04-20,4.365622936153707
2011-04-21,4.3562135904344395
2011-04-26,4.463345796515873
2011-04-27,4.485432562844231
2011-04-28,4.444910277509487
2011-04-29,4.420373221076881
2011-05-02,4.33747465427539
2011-05-03,4.32092616431142
2011-05-04,4.351017380966999
2011-05-05,4.331044812230647
2011-05-06,4.281575370929401
2011-05-09,4.253433650461458
2011-05-10,4.261136873279612
2011-05-11,4.264105408645108
2011-05-12,4.23399495847617
2011-05-13,4.235893481258007
2011-05-16,4.243646689977251
2011-05-17,4.243705200598643
2011-05-18,4.254577886149459
2011-05-19,4.292176176071921
2011-05-20,4.305571449430395
2011-05-23,4.299473813705632
2011-05-24,4.305736638466354
2011-05-25,4.270931128525759
2011-05-26,4.155811516160671
2011-05-27,4.162361680301801
2011-05-30,4.185326244525333
2011-05-31,4.203798159287901
2011-06-01,4.173868815128051
2011-06-02,4.151803429128018
2011-06-03,4.138670906864265
2011-06-06,4.165528158009727
2011-06-07,4.212680408993342
2011-06-08,4.222881431620479
2011-06-09,4.218427596966859
2011-06-10,4.195635016878526
2011-06-13,4.199198673850126
2011-06-14,4.2196424933647405
2011-06-15,4.238019898695185
2011-06-16,4.241951138512192
2011-06-17,4.23420179141462
2011-06-20,4.2754216915956595
2011-06-21,4.222180979984689
2011-06-22,4.233898270172988
2011-06-23,4.169815926697062
2011-06-24,4.184976766208186
2011-06-27,4.188675906643438
2011-06-28,4.197201000392378
2011-06-29,4.202586393042717
2011-06-30,4.324413213980929
2011-07-01,4.311307588869244
2011-07-04,4.307263057454829
2011-07-05,4.317951774951627
2011-07-06,4.361840496667361
2011-07-07,4.3850714059702955
2011-07-08,4.1649079547307934
2011-07-11,4.384892262448867
2011-07-12,4.413121889516214
2011-07-13,4.401100040269406
2011-07-14,4.414063505982626
2011-07-15,4.407606766981763
2011-07-18,4.393034744987577
2011-07-19,4.357146892034055
2011-07-20,4.344568269973071
2011-07-21,4.3408056120612235
2011-07-22,4.4082782416881106
2011-07-25,4.4087027265556396
2011-07-26,4.400298542930966
2011-07-27,4.369443678231679
2011-07-28,4.435399300949495
2011-07-29,4.429685924475814
2011-08-01,4.406046802312351
2011-08-02,4.4270528395253175
2011-08-03,4.418395268237717
2011-08-04,4.398206444344095
2011-08-05,4.3704467121774195
2011-08-08,4.18077199285518
2011-08-09,4.160310918312551
2011-08-10,4.128284416594816
2011-08-11,4.132913026429863
2011-08-12,4.151380842391675
2011-08-15,4.133508841548845
2011-08-16,4.120314806033672
2011-08-17,4.041344686980449
2011-08-18,3.8818226842531063
2011-08-19,3.907495950821681
2011-08-22,3.899516975121415
2011-08-23,3.87221725714934
2011-08-24,3.941768883676283
2011-08-25,3.948270173711128
2011-08-26,3.916025537548763
2011-08-29,3.9332619402311266
2011-08-30,3.954999159199006
2011-08-31,3.9667911511802902
2011-09-01,3.9987676508176033
2011-09-02,3.9915106954648776
2011-09-05,4.042510503209845
2011-09-06,4.029083487857109
2011-09-07,3.9867828519303794
2011-09-08,3.9214647963979825
2011-09-09,3.951461690010932
2011-09-12,3.960144570805573
2011-09-13,4.022329520733055
2011-09-14,4.100565967492258
2011-09-15,4.116458885521457
2011-09-16,3.9838905241363927
2011-09-19,4.032842540512399
2011-09-20,4.049124021363799
2011-09-21,4.035717207491154
2011-09-22,3.9776460466336747
2011-09-23,4.0051691715598405
2011-09-26,3.9608155038286963
2011-09-27,4.035635230030123
2011-09-28,3.9867801529929903
2011-09-29,4.038869915446283
2011-09-30,3.989589237554074
2011-10-03,3.9612875057700814
2011-10-04,3.940529469173928
2011-10-05,4.022679340149081
2011-10-06,4.015061010954586
2011-10-07,4.041074888627958
2011-10-10,4.039773917651264
2011-10-11,4.105243451085657
2011-10-12,4.184017403985636
2011-10-13,4.225402781448167
2011-10-14,4.273153810734852
2011-10-17,4.213938098041218
2011-10-18,4.267263015413891
2011-10-19,4.302487954864961
2011-10-20,4.3164850597034
2011-10-21,4.28667876835777
2011-10-24,4.359372451590719
2011-10-25,4.337369338846808
2011-10-26,4.253739463524844
2011-10-27,4.282440161974934
2011-10-28,4.363435607512018
2011-10-31,4.3502166169847305
2011-11-01,4.3402877183024975
2011-11-02,4.324326031439533
2011-11-03,4.407523284040469
2011-11-04,4.412776341454661
2011-11-07,4.3779141150241605
2011-11-08,4.442700238264729
2011-11-09,4.425871128256109
2011-11-10,4.539793029761743
2011-11-11,4.5475699619226475
2011-11-14,4.618519735947218
2011-11-15,4.760047832762258
2011-11-16,4.765680086422034
2011-11-17,4.802855594422048
2011-11-18,4.773076108482337
2011-11-21,4.748051940043412
2011-11-22,4.813603893559586
2011-11-23,4.930517578926333
2011-11-24,4.985832848980462
2011-11-25,5.068630100217079
2011-11-28,5.028150380236325
2011-11-29,5.01364963561885
2011-11-30,4.852566546538577
2011-12-01,4.712127469604411
2011-12-02,4.589772073972197
2011-12-05,4.423173315494559
2011-12-06,4.443069789587715
2011-12-07,4.430903926271025
2011-12-08,4.496623748274843
2011-12-09,4.548474087991622
2011-12-12,4.590260027935695
2011-12-13,4.525993571982758
2011-12-14,4.520699768968819
2011-12-15,4.452467743865051
2011-12-16,4.413311346902405
2011-12-19,4.323397073014221
2011-12-20,4.28419112584123
2011-12-21,4.305218502511144
2011-12-22,4.320768624551308
2011-12-23,4.309526120938899
2011-12-27,4.288133324179758
2011-12-28,4.264691672172158
2011-12-29,4.279395131457373
2011-12-30,4.276587973947042
2012-01-02,4.300128685804576
2012-01-03,4.336828229687551
2012-01-04,4.385298915913278
2012-01-05,4.477982359564758
2012-01-06,4.512698221462147
2012-01-09,4.511280004805011
2012-01-10,4.506959882268698
2012-01-11,4.3918001718695905
2012-01-12,4.2422487946177885
2012-01-13,4.345932257824896
2012-01-16,4.276345100290028
2012-01-17,4.241286790783894
2012-01-18,4.251214267985551
2012-01-19,4.271245522235895
2012-01-20,4.254067895705079
2012-01-23,4.211783542825904
2012-01-24,4.2368907214777565
2012-01-25,4.227514783621854
2012-01-26,4.115248716604617
2012-01-27,4.021043897171164
2012-01-30,4.044793948133478
2012-01-31,4.020466645466871
2012-02-01,3.940339271439573
2012-02-02,3.9024698709494654
2012-02-03,3.9080207976532435
2012-02-06,3.898785374646705
2012-02-07,3.9380660056843926
2012-02-08,3.9370256371027867
2012-02-09,3.899335740171143
2012-02-10,3.9082162949353396
2012-02-13,3.860596578624836
2012-02-14,3.8790041469215737
2012-02-15,3.9025891556220813
2012-02-16,3.9336389630746584
2012-02-17,3.90217419249222
2012-02-20,3.843888064020671
2012-02-21,3.83615078335826
2012-02-22,3.8366175719151876
2012-02-23,3.8147479021278787
2012-02-24,3.7972371143074124
2012-02-27,3.8275857671800253
2012-02-28,3.813192987312858
2012-02-29,3.7803445118766223
2012-03-01,3.697661815319975
2012-03-02,3.6766488937849005
2012-03-05,3.700407814514736
2012-03-06,3.724024871695632
2012-03-07,3.717663724031791
2012-03-08,3.668013608497316
2012-03-09,3.6644308537528634
2012-03-12,3.658936545864406
2012-03-13,3.680705702199125
2012-03-14,3.715897483332096
2012-03-15,3.7417978483527614
2012-03-16,3.776157521390595
2012-03-19,3.7332412141831943
2012-03-20,3.752870318857771
2012-03-21,3.7831713970278065
2012-03-22,3.8268171152774517
2012-03-23,3.788251547106647
2012-03-26,3.7846961924467193
2012-03-27,3.7960863853924316
2012-03-28,3.8026448758428026
2012-03-29,3.8331011966049884
2012-03-30,3.7903319056854263
2012-04-02,3.7648369277227767
2012-04-03,3.787735769689263
2012-04-04,3.837085670367178
2012-04-05,3.8971992617864295
2012-04-10,3.9159608299258526
2012-04-11,3.888542902557896
2012-04-12,3.8403658340390114
2012-04-13,3.857450028420306
2012-04-16,3.8895627538111466
2012-04-17,3.8649870600909813
2012-04-18,3.852151631221086
2012-04-19,3.887235803055228
2012-04-20,3.9092654756091445
2012-04-23,3.9249100449505567
2012-04-24,3.8926918386983322
2012-04-25,3.8839819200502532
2012-04-26,3.8770688977101546
2012-04-27,3.881498799016793
2012-04-30,3.832795437928911
2012-05-02,3.825801590079373
2012-05-03,3.8048623278924794
2012-05-04,3.759326083099486
2012-05-07,3.737703721689577
2012-05-08,3.6977774800240626
2012-05-09,3.790834004692119
2012-05-10,3.767973170891593
2012-05-11,3.7492269657426363
2012-05-14,3.7778529270344237
2012-05-15,3.8132820811837194
2012-05-16,3.827551600697176
2012-05-17,3.825159062899547
2012-05-18,3.789351155552601
2012-05-21,3.802597883403487
2012-05-22,3.677414236630055
2012-05-23,3.742307954424046
2012-05-24,3.6566921076155214
2012-05-25,3.680871504263858
2012-05-28,3.7108570863922834
2012-05-29,3.7132796064876015
2012-05-30,3.743935367078258
2012-05-31,3.668290303455808
2012-06-01,3.5712332041316
2012-06-04,3.5795959911984863
2012-06-05,3.573275848643691
2012-06-06,3.5944597306188015
2012-06-07,3.648196310178232
2012-06-08,3.6913857534470713
2012-06-11,3.76883593634565
2012-06-12,3.902981669627983
2012-06-13,3.941587720734822
2012-06-14,3.994377211176225
2012-06-15,3.9351160682821122
2012-06-18,3.96260213150442
2012-06-19,3.9325249921937466
2012-06-20,3.931086333242879
2012-06-21,3.86811243682933
2012-06-22,3.8631163315682837
2012-06-25,3.922944708940097
2012-06-26,3.9829175689920957
2012-06-27,4.046181008994954
2012-06-28,4.053149051463065
2012-06-29,3.9259149815659793
2012-07-02,3.8175710137293475
2012-07-03,3.773228589482078
2012-07-04,3.7748794999051904
2012-07-05,3.8710662005756102
2012-07-06,3.819410829751228
2012-07-09,3.8385124984114025
2012-07-10,3.7393150091392062
2012-07-11,3.6352110229329817
2012-07-12,3.6163363075879493
2012-07-13,3.619726775193496
2012-07-16,3.680538500396665
2012-07-17,3.58555020681806
2012-07-18,3.6985001205464982
2012-07-19,3.68619836860388
2012-07-20,3.695505424443377
2012-07-23,3.7669022460310675
2012-07-24,3.8617829735422227
2012-07-25,3.875262150056514
2012-07-26,3.7170446072057963
2012-07-27,3.725176108367698
2012-07-30,3.6711781233583345
2012-07-31,3.67167784478148
2012-08-01,3.620493604323123
2012-08-02,3.612932332763261
2012-08-03,3.675465962987997
2012-08-06,3.5881018360431645
2012-08-07,3.615597905085874
2012-08-08,3.5928474463036864
2012-08-09,3.576667455497919
2012-08-10,3.582723089551129
2012-08-13,3.6072893299701017
2012-08-14,3.606011427912745
2012-08-15,3.630512934820443
2012-08-16,3.605290420592768
2012-08-17,3.654171541067262
2012-08-20,3.6245467136222995
2012-08-21,3.6155508011660897
2012-08-22,3.5747202529073387
2012-08-23,3.554017957430469
2012-08-24,3.5388592518434505
2012-08-27,3.535897991121157
2012-08-28,3.5554238148726727
2012-08-29,3.6132641419024996
2012-08-30,3.6327025618444573
2012-08-31,3.6386463089267718
2012-09-03,3.6720785636278332
2012-09-04,3.7704732878394918
2012-09-05,3.720430053832338
2012-09-06,3.5805320371720892
2012-09-07,3.5639829907099374
2012-09-10,3.587568129289923
2012-09-11,3.613646211644678
2012-09-12,3.4303602898658365
2012-09-13,3.4899199187505197
2012-09-14,3.487963118236812
2012-09-17,3.5878999166851093
2012-09-18,3.5044298521712367
2012-09-19,3.4219188584927167
2012-09-20,3.42083499335096
2012-09-21,3.4088524655641805
2012-09-24,3.39612540225197
2012-09-25,3.401614758479128
2012-09-26,3.4380727345689692
2012-09-27,3.4319491604410874
2012-09-28,3.4056776663943786
2012-10-01,3.402031388141719
2012-10-02,3.3794895582380553
2012-10-03,3.380667129168355
2012-10-04,3.3808768252469372
2012-10-05,3.374779111616757
2012-10-08,3.363136744906739
2012-10-09,3.369964625152301
2012-10-10,3.3433065638582384
2012-10-11,3.339980401482622
2012-10-12,3.247633104654268
2012-10-15,3.245186816872976
2012-10-16,3.3025754336716924
2012-10-17,3.2919024685667777
2012-10-18,3.25257311925722
2012-10-19,3.2262824086248463
2012-10-22,3.2227417833210996
2012-10-23,3.2437141922754034
2012-10-24,3.2561016038759725
2012-10-25,3.2652368315520235
2012-10-26,3.244807773809467
2012-10-29,3.2646824199198567
2012-10-30,3.2653901185045946
2012-10-31,3.234788990645642
2012-11-01,3.217791177706796
2012-11-02,3.2218972331677502
2012-11-05,3.2764915660417406
2012-11-06,3.2313264495214344
2012-11-07,3.2070611590737848
2012-11-08,3.240570048188065
2012-11-09,3.226491489168098
2012-11-12,3.220529951704254
2012-11-13,3.2235797037778795
2012-11-14,3.2209554238916205
2012-11-15,3.2278813112468523
2012-11-16,3.212631505716619
2012-11-19,3.2171837829979504
2012-11-20,3.244496881845543
2012-11-21,3.235846372560874
2012-11-22,3.2189139269645652
2012-11-23,3.2038090882187547
2012-11-26,3.18293076854742
2012-11-27,3.1707957434729526
2012-11-28,3.092471220732202
2012-11-29,3.08285857063532
2012-11-30,3.065501961106346
2012-12-03,3.0496947518348403
2012-12-04,3.0460828893974554
2012-12-05,3.042634271348053
2012-12-06,3.084888361385463
2012-12-07,3.0816444351422145
2012-12-10,3.1562149949751337
2012-12-11,3.154347057626211
2012-12-12,3.1322129227312736
2012-12-13,3.119512028235766
2012-12-14,3.0549670306239136
2012-12-17,3.0733166707255
2012-12-18,3.0630838226594506
2012-12-19,3.0469078169585826
2012-12-20,3.0180966529745668
2012-12-21,3.03229052771721
2012-12-24,3.0358419461762836
2012-12-27,3.0241396313712254
2012-12-28,3.006845270171679
2012-12-31,3.0068697170133927
2013-01-02,3.032027468825646
2013-01-03,3.0601086264898765
2013-01-04,3.0887491560592055
2013-01-07,3.088735635310708
2013-01-08,3.066449676559454
2013-01-09,3.0672038805378
2013-01-10,3.038689624092724
2013-01-11,3.0310128944523873
2013-01-14,3.0682665259467656
2013-01-15,3.0457160080091876
2013-01-16,3.057321380438272
2013-01-17,3.0857520421502347
2013-01-18,3.0850946482316983
2013-01-21,3.078565820359816
2013-01-22,3.067222972221904
2013-01-23,3.0738430881056136
2013-01-24,3.0726178353376703
2013-01-25,3.0922492135096036
2013-01-28,3.141055632777559
2013-01-29,3.1005254807365557
2013-01-30,3.1325967897834586
2013-01-31,3.1473435294426872
2013-02-01,3.117178531641919
2013-02-04,3.2029301202798264
2013-02-05,3.198647330595281
2013-02-06,3.2130745402409975
2013-02-07,3.1820108067478436
2013-02-08,3.148779378962306
2013-02-11,3.192981636133764
2013-02-12,3.164544483742459
2013-02-13,3.107078115461537
2013-02-14,3.1114024768279984
2013-02-15,3.101975473887345
2013-02-18,3.0943514156516017
2013-02-19,3.0834887216545663
2013-02-20,3.10672771193705
2013-02-21,3.1307586550729027
2013-02-22,3.108418014437275
2013-02-25,3.0464977898204033
2013-02-26,3.1857592129719023
2013-02-27,3.1769530007414453
2013-02-28,3.1369305797433418
2013-03-01,3.1730427906783154
2013-03-04,3.1351191797340086
2013-03-05,3.1381973565395107
2013-03-06,3.1222715229271563
2013-03-07,3.1231717085659083
2013-03-08,3.1021482962051072
2013-03-11,3.107700234854896
2013-03-12,3.0874065976976945
2013-03-13,3.098489825475868
2013-03-14,3.0930838615009986
2013-03-15,3.098135636058431
2013-03-18,3.0927752558299204
2013-03-19,3.072580226915779
2013-03-20,3.0678888034399554
2013-03-21,3.0389826883258193
2013-03-22,3.0406192004734383
2013-03-25,3.068287719540609
2013-03-26,3.0915216527819647
2013-03-27,3.114896553978931
2013-03-28,3.1344326857864404
2013-04-02,3.1575940175947466
2013-04-03,3.1302582200259614
2013-04-04,3.066256707770788
2013-04-05,2.9694560162648296
2013-04-08,2.8993827520814275
2013-04-09,2.930626759794058
2013-04-10,2.996667090876496
2013-04-11,2.9515704768096835
2013-04-12,2.9457143531679977
2013-04-15,2.912557428994206
2013-04-16,2.8547296901580568
2013-04-17,2.8024038170285293
2013-04-18,2.8116614429979823
2013-04-19,2.818333548539047
2013-04-22,2.8269964510313104
2013-04-23,2.7158413344625165
2013-04-24,2.7783792603271147
2013-04-25,2.830936378584802
2013-04-26,2.7957252728676645
2013-04-29,2.7537721434556257
2013-04-30,2.6956154263836813
2013-05-02,2.6675478550162675
2013-05-03,2.6395528794985292
2013-05-06,2.6850543105887805
2013-05-07,2.6802884478397724
2013-05-08,2.6737528820336616
2013-05-09,2.7199100623883314
2013-05-10,2.7811506457719437
2013-05-13,2.7794438716248164
2013-05-14,2.7970402375666366
2013-05-15,2.8402301932732
2013-05-16,2.7538488896984683
2013-05-17,2.730365041044066
2013-05-20,2.7295689254512228
2013-05-21,2.776382683737154
2013-05-22,2.7446942180707117
2013-05-23,2.814049824278845
2013-05-24,2.8737395630501528
2013-05-27,2.8511534220039154
2013-05-28,2.840415840745144
2013-05-29,2.909132629586936
2013-05-30,2.8899843919409136
2013-05-31,2.9347067210479283
2013-06-03,2.9897637123960044
2013-06-04,2.963954215545251
2013-06-05,2.950488744099933
2013-06-06,3.0295010874333945
2013-06-07,3.031049557294474
2013-06-10,3.0627276251246673
2013-06-11,3.124322156468769
2013-06-12,3.1164822650835617
2013-06-13,3.1029354119038626
2013-06-14,3.0381145790062725
2013-06-17,2.9983929719171396
2013-06-18,3.0852173928499633
2013-06-19,3.035687785059465
2013-06-20,3.1648424417867007
2013-06-21,3.2136813643222455
2013-06-24,3.369467206854778
2013-06-25,3.3869844104334437
2013-06-26,3.302347545226029
2013-06-27,3.1904905940585646
2013-06-28,3.230945788382317
2013-07-01,3.1734276938140846
2013-07-02,3.1465387826129323
2013-07-03,3.1511328326495036
2013-07-04,3.0884410067774963
2013-07-05,3.102207585327962
2013-07-08,3.0794146163725404
2013-07-09,3.075772030541634
2013-07-10,3.129052659300081
2013-07-11,3.1495488949830968
2013-07-12,2.9913540295391856
2013-07-15,2.9936764098355284
2013-07-16,2.983614243013431
2013-07-17,2.9774562662733706
2013-07-18,2.9859062430011365
2013-07-19,2.984126964500068
2013-07-22,3.0136677855245235
2013-07-23,3.0412315343792136
2013-07-24,3.0414135441075514
2013-07-25,3.0771779003020594
2013-07-26,3.0827890408263636
2013-07-29,3.122215754213694
2013-07-30,3.1894868444154945
2013-07-31,3.2270834122576293
2013-08-01,3.1691638639380386
2013-08-02,3.133651418474705
2013-08-05,3.1188129178679045
2013-08-06,3.0917841323847526
2013-08-07,3.038399890895758
2013-08-08,3.019430966788322
2013-08-09,2.986375546651886
2013-08-12,2.989035819798273
2013-08-13,2.9897040898212905
2013-08-14,3.035630502744257
2013-08-15,3.097194101325667
2013-08-16,3.118951418858077
2013-08-19,3.1698573963214924
2013-08-20,3.196432054737185
2013-08-21,3.1925483756193564
2013-08-22,3.122988021422578
2013-08-23,3.1532549484271017
2013-08-26,3.149223060723884
2013-08-27,3.205566246223386
2013-08-28,3.1262565350259495
2013-08-29,3.128161769169769
2013-08-30,3.1560850527902096
2013-09-02,3.1289848427021383
2013-09-03,3.1332420038572533
2013-09-04,3.1598648923646664
2013-09-05,3.2750347478165507
2013-09-06,3.184671748592038
2013-09-09,3.222718466117887
2013-09-10,3.278402233737687
2013-09-11,3.2217478194285425
2013-09-12,3.1785691672429293
2013-09-13,3.2014964228925455
2013-09-16,3.1692514178014894
2013-09-17,3.127781649882058
2013-09-18,3.1414026935284403
2013-09-19,3.0769993629982695
2013-09-20,3.1050462519323947
2013-09-23,3.08029400423968
2013-09-24,3.026239058952835
2013-09-25,3.014141047829523
2013-09-26,3.0309892199328656
2013-09-27,3.0216803868256656
2013-09-30,3.023833885346739
2013-10-01,3.006349307447472
2013-10-02,2.97085057122775
2013-10-03,2.998946713093548
2013-10-04,2.9880673588274904
2013-10-07,2.9638566387044527
2013-10-08,2.990551120349191
2013-10-09,2.9889121096226363
2013-10-10,3.0152276951305845
2013-10-11,3.0184147097604415
2013-10-14,3.009127371310746
2013-10-15,3.02468311838975
2013-10-16,3.0573371613255613
2013-10-17,3.028330409001942
2013-10-18,2.9903580164933112
2013-10-21,2.985257167715865
2013-10-22,2.9358227925405513
2013-10-23,2.911599918881305
2013-10-24,2.9078045981131027
2013-10-25,2.949342097788942
2013-10-28,2.8973893377479927
2013-10-29,2.8668299337243823
2013-10-30,2.859427284097249
2013-10-31,2.827883773099294
2013-11-01,2.8076954871001956
2013-11-04,2.7991706669785072
2013-11-05,2.860401966662562
2013-11-06,2.863092082437875
2013-11-07,2.8172297164259907
2013-11-08,2.875388865812078
2013-11-11,2.8613293118414056
2013-11-12,2.9019976160635217
2013-11-13,2.87340987503853
2013-11-14,2.8370385075790114
2013-11-15,2.845031609639369
2013-11-18,2.8529056741995547
2013-11-19,2.85335312036677
2013-11-20,2.8658036557639637
2013-11-21,2.8953967679428043
2013-11-22,2.874645568318262
2013-11-25,2.8566473908907266
2013-11-26,2.850643021302985
2013-11-27,2.855816999639501
2013-11-28,2.85313611505547
2013-11-29,2.847933782483408
2013-12-02,2.8700486209152665
2013-12-03,2.8559544390934075
2013-12-04,2.897135082059111
2013-12-05,2.952610810780695
2013-12-06,2.9529380860302616
2013-12-09,2.929669798491087
2013-12-10,2.902182749574494
2013-12-11,2.8689451954326897
2013-12-12,2.909950676196794
2013-12-13,2.909209464287863
2013-12-16,2.91759258029224
2013-12-17,2.9181721828879112
2013-12-18,2.947689087734224
2013-12-19,2.9764166159578442
2013-12-20,2.9899399873662746
2013-12-23,3.012792528070549
2013-12-24,3.0133043791234817
2013-12-27,3.055805963823655
2013-12-30,3.0462474008896168
2013-12-31,3.047805419972735
2014-01-02,2.9962934253945344
2014-01-03,2.9558170170120928
2014-01-06,2.9363666033064906
2014-01-07,2.905320075501809
2014-01-08,2.8921741312413696
2014-01-09,2.923442841549752
2014-01-10,2.9133700163084537
2014-01-13,2.8922267786726072
2014-01-14,2.8945172401485317
2014-01-15,2.89504924280343
2014-01-16,2.840962032554873
2014-01-17,2.8130585539749546
2014-01-20,2.7919008317700875
2014-01-21,2.8269161796375384
2014-01-22,2.8385682479258527
2014-01-23,2.8160062846877523
2014-01-24,2.8336984096351827
2014-01-27,2.836550886600925
2014-01-28,2.7805724189228753
2014-01-29,2.7675082818927557
2014-01-30,2.7220752909234776
2014-01-31,2.675394195570269
2014-02-03,2.6975597185181677
2014-02-04,2.6867921528017504
2014-02-05,2.687677750456057
2014-02-06,2.723743049346841
2014-02-07,2.665641526725156
2014-02-10,2.6677189111504305
2014-02-11,2.678792372826253
2014-02-12,2.6841152395733534
2014-02-13,2.6804994517729694
2014-02-14,2.6701045896565594
2014-02-17,2.6563547160742074
2014-02-18,2.64357046883074
2014-02-19,2.639230850764987
2014-02-20,2.6680873066538293
2014-02-21,2.6468161644630657
2014-02-24,2.669873045420898
2014-02-25,2.649921680905039
2014-02-26,2.621350336653384
2014-02-27,2.565824389229779
2014-02-28,2.614862453600682
2014-03-03,2.5690936188722313
2014-03-04,2.5340184101940597
2014-03-05,2.5278103779629655
2014-03-06,2.5565645695944177
2014-03-07,2.5797846143672665
2014-03-10,2.5702937564919353
2014-03-11,2.6059286246967046
2014-03-12,2.565411098696835
2014-03-13,2.5238191168103112
2014-03-14,2.4999556159720413
2014-03-17,2.5102315908678747
2014-03-18,2.529548388016913
2014-03-19,2.586462426064368
2014-03-20,2.636199798314898
2014-03-21,2.6054025033268635
2014-03-24,2.6174046872813443
2014-03-25,2.584433041344152
2014-03-26,2.5649633773749656
2014-03-27,2.538099298916098
2014-03-28,2.5427384005054856
2014-03-31,2.5572517597304127
2014-04-01,2.5617445261844543
2014-04-02,2.5794976112808055
2014-04-03,2.5655874929567766
2014-04-04,2.510740465839554
2014-04-07,2.5012770609099224
2014-04-08,2.5293314231910333
2014-04-09,2.5332345215352827
2014-04-10,2.4953470419594366
2014-04-11,2.491869884999689
2014-04-14,2.4825532110151816
2014-04-15,2.4563300842435227
2014-04-16,2.428643589404655
2014-04-17,2.4403132877808558
2014-04-22,2.459767561280737
2014-04-23,2.446357371837374
2014-04-24,2.4392248374066785
2014-04-25,2.4134108638094904
2014-04-28,2.427612464720079
2014-04-29,2.437713114752788
2014-04-30,2.4159785033477297
2014-05-02,2.3877202587791606
2014-05-05,2.3734978879037785
2014-05-06,2.3492559274289775
2014-05-07,2.3791338735029877
2014-05-08,2.3363858822485364
2014-05-09,2.3256625519157312
2014-05-12,2.3579931914463
2014-05-13,2.314207497121961
2014-05-14,2.2754369346732135
2014-05-15,2.2934775475102063
2014-05-16,2.312643852910967
2014-05-19,2.3389807914096243
2014-05-20,2.408260061738244
2014-05-21,2.3940558824008438
2014-05-22,2.379223729302929
2014-05-23,2.358959896570184
2014-05-26,2.3141759974226828
2014-05-27,2.286485749776789
2014-05-28,2.2390971474422985
2014-05-29,2.2435200563533186
2014-05-30,2.2613298134851183
2014-06-02,2.2436697004659827
2014-06-03,2.2882972391256384
2014-06-04,2.3031734000168207
2014-06-05,2.290754327643799
2014-06-06,2.1416002374445195
2014-06-09,2.12880543639076
2014-06-10,2.1631625541540123
2014-06-11,2.1705816444273394
2014-06-12,2.1971372268233456
2014-06-13,2.18326109633864
2014-06-16,2.156394759850209
2014-06-17,2.2118138409774053
2014-06-18,2.2131212076860214
2014-06-19,2.1326217592741203
2014-06-20,2.1778708080304954
2014-06-23,2.1580362210240667
2014-06-24,2.122257721149242
2014-06-25,2.0859431762013667
2014-06-26,2.065188837809493
2014-06-27,2.081665953765465
2014-06-30,2.08997627410149
2014-07-01,2.076008186288263
2014-07-02,2.120914434088675
2014-07-03,2.126016516481327
2014-07-04,2.0869655339531477
2014-07-07,2.09425192022188
2014-07-08,2.0848402936103154
2014-07-09,2.1028631557763555
2014-07-10,2.107800117154124
2014-07-11,2.100723023999717
2014-07-14,2.0954660512351353
2014-07-15,2.0628874706002645
2014-07-16,2.0460727709107758
2014-07-17,2.0236426965002403
2014-07-18,2.0082991563089063
2014-07-21,1.993463355307095
2014-07-22,1.9776210398018295
2014-07-23,1.9507672009709305
2014-07-24,1.977180745098324
2014-07-25,1.9463619888338641
2014-07-28,1.9248149578589544
2014-07-29,1.900782888641479
2014-07-30,1.9116598050301636
2014-07-31,1.9623827674504062
2014-08-01,1.9748762495587338
2014-08-04,1.9319240079530644
2014-08-05,1.9641531116860245
2014-08-06,1.960437081920869
2014-08-07,1.9454679257395266
2014-08-08,1.9108864346274501
2014-08-11,1.9073483881306599
2014-08-12,1.8894858638489884
2014-08-13,1.8871529582483166
2014-08-14,1.840393695705421
2014-08-15,1.7988309621542298
2014-08-18,1.8273915148908761
2014-08-19,1.8358896753375022
2014-08-20,1.8036123501295913
2014-08-21,1.8033901120683247
2014-08-22,1.799360830912839
2014-08-25,1.7235069651889656
2014-08-26,1.7030708265019694
2014-08-27,1.6368487095822264
2014-08-28,1.6647540141438801
2014-08-29,1.651336938327856
2014-09-01,1.690211330408637
2014-09-02,1.7078345692471046
2014-09-03,1.7260745366470056
2014-09-04,1.6528110475847537
2014-09-05,1.6007509709942287
2014-09-08,1.5983926242019537
2014-09-09,1.7005093362430665
2014-09-10,1.7357490068077794
2014-09-11,1.7334056614502984
2014-09-12,1.8078645161736988
2014-09-15,1.8051512838641877
2014-09-16,1.8251406449528433
2014-09-17,1.7717088303052169
2014-09-18,1.799463514799438
2014-09-19,1.7102266518121825
2014-09-22,1.719536663100219
2014-09-23,1.7359205122136725
2014-09-24,1.678034109008422
2014-09-25,1.6898641742496698
2014-09-26,1.7008931274265464
2014-09-29,1.711804770683572
2014-09-30,1.6815400494191106
2014-10-01,1.6320416354627527
2014-10-02,1.6622111075665469
2014-10-03,1.6661255355219557
2014-10-06,1.6576424633291236
2014-10-07,1.6647301596291015
2014-10-08,1.6453735938137255
2014-10-09,1.6216283558349058
2014-10-10,1.6316851958559795
2014-10-13,1.6538725280024913
2014-10-14,1.6091897102714396
2014-10-15,1.5960723856680161
2014-10-16,1.6315537665978583
2014-10-17,1.7093314204565138
2014-10-20,1.730894264669712
2014-10-21,1.7305882295141677
2014-10-22,1.7211203218863638
2014-10-23,1.7406791402158301
2014-10-24,1.7286217998115943
2014-10-27,1.7313927114544434
2014-10-28,1.6892645904784889
2014-10-29,1.679973488146798
2014-10-30,1.6512997130223344
2014-10-31,1.6014564115480736
2014-11-03,1.612534116918888
2014-11-04,1.5908208575085698
2014-11-05,1.626579630754791
2014-11-06,1.6147867664017737
2014-11-07,1.6184232412828248
2014-11-10,1.601714082867316
2014-11-11,1.5917550014920039
2014-11-12,1.5762881525811956
2014-11-13,1.5874745710260658
2014-11-14,1.5772290292832043
2014-11-17,1.585159340528275
2014-11-18,1.562654531689434
2014-11-19,1.6021548621565262
2014-11-20,1.569552704067716
2014-11-21,1.5260285724412128
2014-11-24,1.5034597945043213
2014-11-25,1.4758668574017229
2014-11-26,1.4669128498669863
2014-11-27,1.4117923450386307
2014-11-28,1.376586902066176
2014-12-01,1.3591785563845526
2014-12-02,1.3926002580839256
2014-12-03,1.391024125203451
2014-12-04,1.4015796384051669
2014-12-05,1.3780534850280546
2014-12-08,1.3613284112708897
2014-12-09,1.358777454302114
2014-12-10,1.3808876592504102
2014-12-11,1.3654228035874532
2014-12-12,1.3440416052063604
2014-12-15,1.332994800024899
2014-12-16,1.3236698017149884
2014-12-17,1.3016033634906545
2014-12-18,1.3028453107319606
2014-12-19,1.2950843941224015
2014-12-22,1.2814142153264623
2014-12-23,1.273250571108239
2014-12-24,1.2738054147929088
2014-12-29,1.2642689090060557
2014-12-30,1.2275259884535554
2014-12-31,1.228449039529
2015-01-02,1.1582995708316766
2015-01-05,1.1647972426826225
2015-01-06,1.119840048244681
2015-01-07,1.1887644664898431
2015-01-08,1.2110677890152335
2015-01-09,1.2357332455038534
2015-01-12,1.1694600977114646
2015-01-13,1.1320633096942139
2015-01-14,1.0865672086065885
2015-01-15,1.0879588979621069
2015-01-16,1.0362699360029595
2015-01-19,1.0251496756310878
2015-01-20,1.0399786264188897
2015-01-21,1.0754451159733485
2015-01-22,1.0909750473062587
2015-01-23,0.937251579978609
2015-01-26,0.9307058826181986
2015-01-27,0.949595766256996
2015-01-28,0.9623328366063646
2015-01-29,0.9433045078304412
2015-01-30,0.9420221949494092
2015-02-02,0.9172513809924112
2015-02-03,0.9369879211530199
2015-02-04,0.943567461512302
2015-02-05,0.9459930323789383
2015-02-06,0.9490991374439011
2015-02-09,0.988793042598946
2015-02-10,1.0080853512728618
2015-02-11,1.0078307969363172
2015-02-12,1.0034135321817494
2015-02-13,0.9800620377449469
2015-02-16,1.0248985590227777
2015-02-17,1.0295275157296615
2015-02-18,1.057470468602701
2015-02-19,1.047526672553424
2015-02-20,1.0109640020818018
2015-02-23,0.977568760407201
2015-02-24,0.9746442999117253
2015-02-25,0.9333621443246294
2015-02-26,0.8586944271093193
2015-02-27,0.868160405488374
2015-03-02,0.8699298776052355
2015-03-03,0.9132424064128415
2015-03-04,0.9257249760058306
2015-03-05,0.8770253724367638
2015-03-06,0.863666877215314
2015-03-09,0.8268162168777948
2015-03-10,0.722720509907913
2015-03-11,0.7013203611615575
2015-03-12,0.7008433209421892
2015-03-13,0.7327719667463448
2015-03-16,0.7203182551798175
2015-03-17,0.7736819669921475
2015-03-18,0.7795046324765682
2015-03-19,0.7548915674434742
2015-03-20,0.7429429371737308
2015-03-23,0.7841035917977717
2015-03-24,0.7998171748438923
2015-03-25,0.8118967917745978
2015-03-26,0.8156912686009994
2015-03-27,0.8197796753490314
2015-03-30,0.795345558816785
2015-03-31,0.7675613756742958
2015-04-01,0.7464223322697423
2015-04-02,0.7639959207381857
2015-04-07,0.7449756898079265
2015-04-08,0.7413882633255584
2015-04-09,0.7482302903146367
2015-04-10,0.7536734138060828
2015-04-13,0.7516550932032917
2015-04-14,0.7570209050916326
2015-04-15,0.7347262042772611
2015-04-16,0.746014069500208
2015-04-17,0.7893418353287887
2015-04-20,0.7718686302748914
2015-04-21,0.7985589698464111
2015-04-22,0.7845160016444774
2015-04-23,0.7829333852599802
2015-04-24,0.7999680762724495
2015-04-27,0.7842867912940292
2015-04-28,0.7769213788924123
2015-04-29,0.8909668214691173
2015-04-30,0.960610762073669
2015-05-04,1.0078644987958842
2015-05-05,1.1452480642944387
2015-05-06,1.2500675850507381
2015-05-07,1.2396322800509676
2015-05-08,1.1877155561951582
2015-05-11,1.2248232536202934
2015-05-12,1.3397647814775642
2015-05-13,1.3021253360825948
2015-05-14,1.3450308194483522
2015-05-15,1.2893545082126217
2015-05-18,1.3349619698672175
2015-05-19,1.2944749663999637
2015-05-20,1.2848025969999384
2015-05-21,1.3029891798364215
2015-05-22,1.2935984403967709
2015-05-25,1.2923141221299943
2015-05-26,1.3093973997079438
2015-05-27,1.279053608638261
2015-05-28,1.2613399229490465
2015-05-29,1.2533338264230256
2015-06-01,1.2678696474267017
2015-06-02,1.436106135400454
2015-06-03,1.5664371582338088
2015-06-04,1.560142313258325
2015-06-05,1.6284482390985513
2015-06-08,1.6610795187937342
2015-06-09,1.727355587080364
2015-06-10,1.7532262683325204
2015-06-11,1.6467844748762932
2015-06-12,1.7193511543092068
2015-06-15,1.7515279588375403
2015-06-16,1.7227907181243474
2015-06-17,1.7122409295340812
2015-06-18,1.677848717354662
2015-06-19,1.673672323092923
2015-06-22,1.6694301010627655
2015-06-23,1.6359625445820765
2015-06-24,1.6246145478456455
2015-06-25,1.6411703764219077
2015-06-26,1.6949896577031023
2015-06-29,1.7219832912265556
2015-06-30,1.6935096342274107
2015-07-01,1.692131571351016
2015-07-02,1.7506079244269035
2015-07-03,1.7244879808104798
2015-07-06,1.6973729891917184
2015-07-07,1.617934023946054
2015-07-08,1.586020368725782
2015-07-09,1.5953872206350326
2015-07-10,1.688379022461497
2015-07-13,1.6863167029227277
2015-07-14,1.6362052498695974
2015-07-15,1.532015453303929
2015-07-16,1.5381464883734655
2015-07-17,1.4591968475372195
2015-07-20,1.4202397153447759
2015-07-21,1.463496264110944
2015-07-22,1.4516064939402096
2015-07-23,1.4248047139118896
2015-07-24,1.385337718558528
2015-07-27,1.3761908027244658
2015-07-28,1.402844664128967
2015-07-29,1.4137200085026986
2015-07-30,1.3777638218573944
2015-07-31,1.3511724279277093
2015-08-03,1.327779694169699
2015-08-04,1.3432271979352297
2015-08-05,1.4383708220691016
2015-08-06,1.4271036906143575
2015-08-07,1.3941621958321964
2015-08-10,1.3868196720746155
2015-08-11,1.3400485314800097
2015-08-12,1.3396426636616
2015-08-13,1.3497681329367595
2015-08-14,1.3723772394330975
2015-08-17,1.3246414356811815
2015-08-18,1.356051694000291
2015-08-19,1.3768274165101975
2015-08-20,1.320102780653169
2015-08-21,1.3621170655469292
2015-08-24,1.3516288319898297
2015-08-25,1.487555676941195
2015-08-26,1.5088038168492997
2015-08-27,1.467286463760594
2015-08-28,1.4353959351478398
2015-08-31,1.4622908752968797
2015-09-01,1.5289377485914866
2015-09-02,1.5404122475998818
2015-09-03,1.4930373748612311
2015-09-04,1.441601358192969
2015-09-07,1.442881130841723
2015-09-08,1.4156113825937542
2015-09-09,1.436768485793115
2015-09-10,1.416138364554545
2015-09-11,1.4140379630398119
2015-09-14,1.3945124091148156
2015-09-15,1.443435949208789
2015-09-16,1.4769703508654857
2015-09-17,1.4806283573965704
2015-09-18,1.3405543787820893
2015-09-21,1.3745656502832606
2015-09-22,1.3260902675889312
2015-09-23,1.3189530687896767
2015-09-24,1.291778354341245
2015-09-25,1.3666486124583894
2015-09-28,1.3251587232159352
2015-09-29,1.3123815318754986
2015-09-30,1.303380580777242
2015-10-01,1.2525780865916722
2015-10-02,1.1935231481919235
2015-10-05,1.235544882510359
2015-10-06,1.297941520662727
2015-10-07,1.2949429961733117
2015-10-08,1.2663779783569993
2015-10-09,1.2890941650075245
2015-10-12,1.261325600336047
2015-10-13,1.2662703541429146
2015-10-14,1.2404978656730883
2015-10-15,1.2416800188103032
2015-10-16,1.2329870885505638
2015-10-19,1.222365618463975
2015-10-20,1.2807096485161544
2015-10-21,1.2449978339114862
2015-10-22,1.1601982361920582
2015-10-23,1.1543618839525864
2015-10-26,1.1212638235934476
2015-10-27,1.0741578484212546
2015-10-28,1.080546242611228
2015-10-29,1.116341245166777
2015-10-30,1.1472851889809172
2015-11-02,1.1975889809800169
2015-11-03,1.1903516493896689
2015-11-04,1.1836617096123003
2015-11-05,1.2272044878482538
2015-11-06,1.3067651012949533
2015-11-09,1.3337520538340994
2015-11-10,1.2800784747320515
2015-11-11,1.243418505617953
2015-11-12,1.2195291648712168
2015-11-13,1.1765862915981868
2015-11-16,1.1734366320845737
2015-11-17,1.1676594570892913
2015-11-18,1.1455775685991298
2015-11-19,1.1053490850011647
2015-11-20,1.0822176014763771
2015-11-23,1.130400590950754
2015-11-24,1.1151295995285135
2015-11-25,1.0619389447589818
2015-11-26,1.0648981815365417
2015-11-27,1.0297051498816714
2015-11-30,1.050381937060826
2015-12-01,1.052236828484598
2015-12-02,1.0384826065326296
2015-12-03,1.175223536542636
2015-12-04,1.2502728105662593
2015-12-07,1.1716283543624995
2015-12-08,1.1438528806160493
2015-12-09,1.1455598602657187
2015-12-10,1.154807446436065
2015-12-11,1.1209934428457444
2015-12-14,1.182695122686611
2015-12-15,1.2603922763745654
2015-12-16,1.2661467872881431
2015-12-17,1.2211574875104372
2015-12-18,1.1702191910076527
2015-12-21,1.183542132601537
2015-12-22,1.2124387137142074
2015-12-23,1.2563864704406607
2015-12-28,1.2392595537774564
2015-12-29,1.2690757712945206
2015-12-30,1.2600313810178436
2016-01-04,1.1946421646122438
2016-01-05,1.1798498568136626
2016-01-06,1.152161664052314
2016-01-07,1.2014083625657932
2016-01-08,1.174616809955534
2016-01-11,1.216366160481729
2016-01-12,1.2494795813212187
2016-01-13,1.194595807813661
2016-01-14,1.164167800488328
2016-01-15,1.1495708630184245
2016-01-18,1.1607956726912736
2016-01-19,1.163472410597672
2016-01-20,1.1561621469760412
2016-01-21,1.0903185417052343
2016-01-22,1.1338135125845108
2016-01-25,1.120358634751513
2016-01-26,1.0798531458963518
2016-01-27,1.0842698358986622
2016-01-28,1.0396271104922805
2016-01-29,0.979923622251718
2016-02-01,0.9814404460628632
2016-02-02,0.9728599771621971
2016-02-03,0.9768397007676768
2016-02-04,0.9908478039179185
2016-02-05,1.0002142317212055
2016-02-08,1.0094324296730965
2016-02-09,1.0491346594578985
2016-02-10,1.019846855304836
2016-02-11,1.0194825114193407
2016-02-12,1.0150876929954098
2016-02-15,1.0057065740358837
2016-02-16,1.0424964219321904
2016-02-17,1.0151406017210336
2016-02-18,0.9579937149521447
2016-02-19,0.9565233734026002
2016-02-22,0.9353111830163146
2016-02-23,0.9572800149945015
2016-02-24,0.8974274756940703
2016-02-25,0.9124923440132875
2016-02-26,0.8982718064686992
2016-02-29,0.8639937377700582
2016-03-01,0.8783797219960281
2016-03-02,0.9300127475874644
2016-03-03,0.9190921748169281
2016-03-04,0.9374603378385187
2016-03-07,0.9305431811353833
2016-03-08,0.9052283158965793
2016-03-09,0.9330345347145901
2016-03-10,0.8697586648259295
2016-03-11,0.9073375009317797
2016-03-14,0.8869521182582103
2016-03-15,0.937948670030269
2016-03-16,0.9106443299846356
2016-03-17,0.8658206238497339
2016-03-18,0.8396589781767716
2016-03-21,0.8590727670685183
2016-03-22,0.8426137519333095
2016-03-23,0.8698092084998121
2016-03-24,0.8345738132046883
2016-03-29,0.7866585858980777
2016-03-30,0.7941498799236859
2016-03-31,0.788075253211149
2016-04-01,0.762825757500317
2016-04-04,0.7750022989015326
2016-04-05,0.7554933705719513
2016-04-06,0.78050901086106
2016-04-07,0.7962242792883218
2016-04-08,0.783408078467347
2016-04-11,0.8164129548480243
2016-04-12,0.8298380900367848
2016-04-13,0.8107327328984422
2016-04-14,0.8224927079743134
2016-04-15,0.8148727590493321
2016-04-18,0.8252300072190026
2016-04-19,0.8573446048538278
2016-04-20,0.8370543793293326
2016-04-21,0.8865673678590698
2016-04-22,0.9194168024567899
2016-04-25,0.9667879548979323
2016-04-26,0.9736810718026625
2016-04-27,0.976811321304691
2016-04-28,0.9410448556696203
2016-04-29,0.9702500759210206
2016-05-02,0.9441255456445754
2016-05-03,0.8881848384514397
2016-05-04,0.9145830605998855
2016-05-05,0.8992148428609443
2016-05-06,0.8849418555366633
2016-05-09,0.8687154938285717
2016-05-10,0.8436216071111007
2016-05-11,0.8631227317558698
2016-05-12,0.8927997127398015
2016-05-13,0.8619475871648206
2016-05-16,0.8705393909400669
2016-05-17,0.8442697870025153
2016-05-18,0.8847836363247215
2016-05-19,0.8674778081455914
2016-05-20,0.874776900988782
2016-05-23,0.8729010785673275
2016-05-24,0.852959670724271
2016-05-25,0.8167954015876582
2016-05-26,0.8147685400361695
2016-05-27,0.7969654019679115
2016-05-30,0.8360234552163934
2016-05-31,0.8308882651866094
2016-06-01,0.8078896880066404
2016-06-02,0.8119798825735494
2016-06-03,0.7695369475810931
2016-06-06,0.7726990616819425
2016-06-07,0.7549816812435246
2016-06-08,0.7471658413940823
2016-06-09,0.7000831407221559
2016-06-10,0.7146414447605292
2016-06-13,0.7419341489054991
2016-06-14,0.7563847681123281
2016-06-15,0.7521591033135451
2016-06-16,0.786107207208282
2016-06-17,0.7629350546835676
2016-06-20,0.7447581037332407
2016-06-21,0.7477035462474122
2016-06-22,0.7436576826215795
2016-06-23,0.7458916319381386
2016-06-24,0.7241769881500426
2016-06-27,0.6614197465121681
2016-06-28,0.6167242463985918
2016-06-29,0.5772132330706627
2016-06-30,0.5621013067526643
2016-07-01,0.5094976287805739
2016-07-04,0.5167705383013077
2016-07-05,0.5027345605579887
2016-07-06,0.48001939297728846
2016-07-07,0.5050229097574706
2016-07-08,0.4646318268068681
2016-07-11,0.47392828808893306
2016-07-12,0.5063089595819541
2016-07-13,0.4789477805059583
2016-07-14,0.5240283220745443
2016-07-15,0.5415692170359483
2016-07-18,0.5380244466805735
2016-07-19,0.5287998916734873
2016-07-20,0.5388127745453959
2016-07-21,0.5574008147016274
2016-07-22,0.5492888613816049
2016-07-25,0.5222167687150296
2016-07-26,0.5237752503010595
2016-07-27,0.5021831611841989
2016-07-28,0.49848255749488857
2016-07-29,0.4686271878214212
2016-08-01,0.45441433527519504
2016-08-02,0.5125407476681048
2016-08-03,0.5059165949855666
2016-08-04,0.4640274171925878
2016-08-05,0.4684976092179669
2016-08-08,0.47813326632914865
2016-08-09,0.4504088812632654
2016-08-10,0.4144682796507926
2016-08-11,0.4013706371171706
2016-08-12,0.40745580361473177
2016-08-15,0.4375103867226837
2016-08-16,0.45257050781113684
2016-08-17,0.46003247961822424
2016-08-18,0.41474456986470365
2016-08-19,0.4494360117543472
2016-08-22,0.4397006891196291
2016-08-23,0.4380636076187123
2016-08-24,0.4477837109908034
2016-08-25,0.4695223331715388
2016-08-26,0.46026785656004954
2016-08-29,0.4683009679944501
2016-08-30,0.44585350607317054
2016-08-31,0.4600853974141401
2016-09-01,0.508175507019673
2016-09-02,0.5048683299104804
2016-09-05,0.4870564714051655
2016-09-06,0.44499251495995207
2016-09-07,0.401115607113673
2016-09-08,0.4358339035410399
2016-09-09,0.5412066889950706
2016-09-12,0.5665167607110204
2016-09-13,0.5703305507923648
2016-09-14,0.5760458558645691
2016-09-15,0.6044630955173931
2016-09-16,0.5830809391695047
2016-09-19,0.5742190872178066
2016-09-20,0.5284153570538646
2016-09-21,0.544528239338776
2016-09-22,0.46323655980436396
2016-09-23,0.4827423989014399
2016-09-26,0.459036178074145
2016-09-27,0.44826238739073965
2016-09-28,0.4322487585471517
2016-09-29,0.4613810401456231
2016-09-30,0.4399811713366484
2016-10-03,0.4587113341660958
2016-10-04,0.4853009345304766
2016-10-05,0.5425558322512032
2016-10-06,0.5748577081160544
2016-10-07,0.5742003250015513
2016-10-10,0.611476077819213
2016-10-11,0.6003585125765332
2016-10-12,0.6348801167979969
2016-10-13,0.5914456153747079
2016-10-14,0.6072366749748488
2016-10-17,0.6135385629219172
2016-10-18,0.608197472775589
2016-10-19,0.5831706372743195
2016-10-20,0.5813527732118677
2016-10-21,0.569813484165822
2016-10-24,0.5721828947002914
2016-10-25,0.5919743091955407
2016-10-26,0.6565391961626057
2016-10-27,0.733787393727229
2016-10-28,0.7642293772268021
2016-10-31,0.746634286334638
2016-11-01,0.7975646649682391
2016-11-02,0.7541321381286172
2016-11-03,0.7767389514050596
2016-11-04,0.7541929654056396
2016-11-07,0.7732524364310862
2016-11-08,0.7709644466069348
2016-11-09,0.807744737491805
2016-11-10,0.9706944323735591
2016-11-11,1.0122285587190003
2016-11-14,1.088723460179427
2016-11-15,1.0227797790506905
2016-11-16,1.0428007075260108
2016-11-17,1.0602367998179227
2016-11-18,1.024687102970768
2016-11-21,1.0558595139108764
2016-11-22,1.0028875237436647
2016-11-23,1.090168653830479
2016-11-24,1.047631056198064
2016-11-25,1.068407898759812
2016-11-28,1.0354783638344056
2016-11-29,1.00952864193549
2016-11-30,0.9933615494138808
2016-12-01,1.0512029425319769
2016-12-02,1.0536492052556365
2016-12-05,1.0702089456968968
2016-12-06,1.0418396041591933
2016-12-07,1.0259345744828536
2016-12-08,1.0689749032197993
2016-12-09,1.0760025029788807
2016-12-12,1.1232438535666143
2016-12-13,1.0520549402536892
2016-12-14,0.9816609369550457
2016-12-15,1.023051509232121
2016-12-16,1.0044136700081259
2016-12-19,0.968268503441271
2016-12-20,0.9583861975386414
2016-12-21,0.936148918086718
2016-12-22,0.9682545064296795
2016-12-23,0.9322015579970762
2016-12-27,0.9262191101850386
2016-12-28,0.918999593721364
2016-12-29,0.9223123550481374
2016-12-30,0.9320327216642204
2017-01-02,0.8856746338879464
2017-01-03,0.9848686059686349
2017-01-04,1.0071320936592763
2017-01-05,1.0574943560599035
2017-01-06,1.0752500083268686
2017-01-09,1.0394696324710253
2017-01-10,1.040946853559646
2017-01-11,0.9926148731076525
2017-01-12,0.999852883987419
2017-01-13,1.0243060859283757
2017-01-16,1.0383684407697844
2017-01-17,0.9913691249139038
2017-01-18,1.0370429724747359
2017-01-19,1.110883010634959
2017-01-20,1.1270261783568696
2017-01-23,1.1318344486341445
2017-01-24,1.1073018916419182
2017-01-25,1.183318952106431
2017-01-26,1.2249069927722829
2017-01-27,1.2491807027819872
2017-01-30,1.287003144357457
2017-01-31,1.2860234925235705
2017-02-01,1.32091504222294
2017-02-02,1.2521110541907365
2017-02-03,1.2760387471701193
2017-02-06,1.2901893472395418
2017-02-07,1.3060922666889612
2017-02-08,1.248832313816484
2017-02-09,1.174029168770823
2017-02-10,1.2392121640781104
2017-02-13,1.233953258304589
2017-02-14,1.2163007728817394
2017-02-15,1.2598161133551589
2017-02-16,1.2167544831619992
2017-02-17,1.1935873997532171
2017-02-20,1.2332185634274033
2017-02-21,1.2299066150770335
2017-02-22,1.197860877689843
2017-02-23,1.1721730914198982
2017-02-24,1.1487042803602643
2017-02-27,1.1159613165732463
2017-02-28,1.0961405881491055
2017-03-01,1.1299436968833598
2017-03-02,1.1652930686791487
2017-03-03,1.187390250036687
2017-03-06,1.1752743117030624
2017-03-07,1.1971221579431353
2017-03-08,1.2613598324991688
2017-03-09,1.2511509300385129
2017-03-10,1.3255037756960544
2017-03-13,1.3481233606764773
2017-03-14,1.3634395411730855
2017-03-15,1.3180315336588153
2017-03-16,1.3465932057077632
2017-03-17,1.3570543399500394
2017-03-20,1.363859340997239
2017-03-21,1.3542406708604684
2017-03-22,1.2849276059646497
2017-03-23,1.265459612401374
2017-03-24,1.2724635875379704
2017-03-27,1.238678477257113
2017-03-28,1.225021506511073
2017-03-29,1.1998858637637362
2017-03-30,1.1974622470167988
2017-03-31,1.1904304577001232
2017-04-03,1.1921885910152472
2017-04-04,1.138854634272466
2017-04-05,1.1475456706406177
2017-04-06,1.1312051022038725
2017-04-07,1.0931122590195184
2017-04-10,1.1220139726833889
2017-04-11,1.1387485886607864
2017-04-12,1.137622932165816
2017-04-13,1.1091061063896976
2017-04-18,1.100948901446742
2017-04-19,1.0931839178677931
2017-04-20,1.128970491399219
2017-04-21,1.124478398191484
2017-04-24,1.1231151124868513
2017-04-25,1.1357008352075564
2017-04-26,1.1701186010665339
2017-04-27,1.1316158657562703
2017-04-28,1.1168675845931801
2017-05-02,1.1174206829319262
2017-05-03,1.1058429193186932
2017-05-04,1.1299168170330791
2017-05-05,1.112571134325334
2017-05-08,1.1268179957320203
2017-05-09,1.167333875758441
2017-05-10,1.1275671010512962
2017-05-11,1.1724833019386622
2017-05-12,1.1569318033712301
2017-05-15,1.1628199210974364
2017-05-16,1.1588238009055916
2017-05-17,1.1244297907573868
2017-05-18,1.0791973705261357
2017-05-19,1.0863883546275384
2017-05-22,1.1237389623610463
2017-05-23,1.1124847476585416
2017-05-24,1.1128716955404734
2017-05-25,1.0852153037931336
2017-05-26,1.045441306534971
2017-05-29,1.0415454610091581
2017-05-30,1.0615891371995563
2017-05-31,1.0279605425791072
2017-06-01,1.13924505762487
2017-06-02,1.1157947273728164
2017-06-05,1.1325839670554902
2017-06-06,1.0868911939649024
2017-06-07,1.1081213447666958
2017-06-08,1.055904898222785
2017-06-09,0.9894125745531976
2017-06-12,0.9585701362497865
2017-06-13,0.9747860626641787
2017-06-14,0.9425013697097171
2017-06-15,1.0383187651205867
2017-06-16,0.9797367463741615
2017-06-19,0.9827763586129024
2017-06-20,0.9432425548680392
2017-06-21,0.9325696459852306
2017-06-22,0.9178858889741193
2017-06-23,0.9304507437244585
2017-06-26,0.9156194804655442
2017-06-27,1.007391574182206
2017-06-28,1.0312065516172186
2017-06-29,1.1032949366402285
2017-06-30,1.161612132570772
2017-07-03,1.1467019153131837
2017-07-04,1.146160236355393
2017-07-05,1.1614004995187592
2017-07-06,1.2880705136027144
2017-07-07,1.2990807366426873
2017-07-10,1.2690261017953182
2017-07-11,1.2797779159858251
2017-07-12,1.2302142376877807
2017-07-13,1.2396983576151772
2017-07-14,1.2082622716567588
2017-07-17,1.2154099822791853
2017-07-18,1.1810035285125542
2017-07-19,1.1547280504590915
2017-07-20,1.1308448125993014
2017-07-21,1.1167267161394872
2017-07-24,1.100420990806473
2017-07-25,1.156483543622163
2017-07-26,1.1715102220146987
2017-07-27,1.1448107047901166
2017-07-28,1.1831778615456194
2017-07-31,1.17539247540656
2017-08-01,1.1467109232280608
2017-08-02,1.1074534769470556
2017-08-03,1.0942794753019118
2017-08-04,1.1003198441484185
2017-08-07,1.0933328526211357
2017-08-08,1.0890846967661414
2017-08-09,1.066562049295399
2017-08-10,1.0748728580156586
2017-08-11,1.0617078984075814
2017-08-14,1.0765032541249697
2017-08-15,1.1091329149930793
2017-08-16,1.1060974675031918
2017-08-17,1.110559443699204
2017-08-18,1.0784772728367011
2017-08-21,1.084911888850959
2017-08-22,1.124316925380267
2017-08-23,1.1215439064816026
2017-08-24,1.0957474944302286
2017-08-25,1.1259254916093635
2017-08-28,1.0947238630931713
2017-08-29,1.071169441984237
2017-08-30,1.0881551483325937
2017-08-31,1.052179486219874
2017-09-01,1.0876507688989232
2017-09-04,1.0778161013380547
2017-09-05,1.0495361938386027
2017-09-06,1.0532867996384452
2017-09-07,1.0206455426245222
2017-09-08,1.037355249857871
2017-09-11,1.048694887775051
2017-09-12,1.0668479614610682
2017-09-13,1.0980254364051607
2017-09-14,1.1130860486416552
2017-09-15,1.1198801617846659
2017-09-18,1.168369871392735
2017-09-19,1.1299307047276779
2017-09-20,1.1667026014353468
2017-09-21,1.1929332690809629
2017-09-22,1.195680589550471
2017-09-25,1.1696688474160597
2017-09-26,1.1939933871536574
2017-09-27,1.230356820435305
2017-09-28,1.2259653906335144
2017-09-29,1.215866700524808
2017-10-02,1.2172564441316833
2017-10-03,1.242148025558281
2017-10-04,1.2342183102334232
2017-10-05,1.2079749963339443
2017-10-06,1.2643178910489796
2017-10-09,1.204972735591121
2017-10-10,1.2198745097793413
2017-10-11,1.2140189774530752
2017-10-12,1.180846608684548
2017-10-13,1.135466878357116
2017-10-16,1.1115540123103624
2017-10-17,1.088015116294489
2017-10-18,1.0889973933000885
2017-10-19,1.124693646097553
2017-10-20,1.1627758717226753
2017-10-23,1.113684536563948
2017-10-24,1.161127133583915
2017-10-25,1.1819237024191969
2017-10-26,1.125578949916556
2017-10-27,1.1199573775687304
2017-10-30,1.0683615300899092
2017-10-31,1.0530698355915504
2017-11-01,1.0103024912008376
2017-11-02,1.0232095760965159
2017-11-03,1.0120778489173317
2017-11-06,1.0082618489799016
2017-11-07,0.9843837328864513
2017-11-08,0.9801678415868329
2017-11-09,1.0637446165193376
2017-11-10,1.0787047775361636
2017-11-13,1.0874078155313578
2017-11-14,1.0795363583117874
2017-11-15,1.0495452166444403
2017-11-16,1.0652937552098907
2017-11-17,1.0620654380838879
2017-11-20,1.0559170082032958
2017-11-21,1.0216643470967508
2017-11-22,1.0231121565023829
2017-11-23,1.0263042510679874
2017-11-24,1.0450837619952082
2017-11-27,1.027358413602971
2017-11-28,1.0218307065139944
2017-11-29,1.0528825096757588
2017-11-30,1.022492371466
2017-12-01,0.9740924517317184
2017-12-04,0.9887261001150618
2017-12-05,0.9815557215516604
2017-12-06,0.9506297113153517
2017-12-07,0.9544174562979633
2017-12-08,0.9471742825617486
2017-12-11,0.9470946759925054
2017-12-12,0.9726793100569022
2017-12-13,1.004185711289348
2017-12-14,1.0118163522388803
2017-12-15,0.9913085314420922
2017-12-18,0.9779119500670115
2017-12-19,1.0319164054671965
2017-12-20,1.083683097938235
2017-12-21,1.087772533090071
2017-12-22,1.0729777203385744
2017-12-27,1.0837735755954307
2017-12-28,1.0910676014060394
2017-12-29,1.1345026380946894
2018-01-02,1.1700793759190145
2018-01-03,1.1601778060366135
2018-01-04,1.1381465205814196
2018-01-05,1.1260652419143344
2018-01-08,1.1112855934325756
2018-01-09,1.1276351029700251
2018-01-10,1.158501311945244
2018-01-11,1.1915840217545037
2018-01-12,1.1837130131960762
2018-01-15,1.1807131854579316
2018-01-16,1.1476719580451231
2018-01-17,1.159414895485491
2018-01-18,1.1665848873971365
2018-01-19,1.160148912141672
2018-01-22,1.1586983697942657
2018-01-23,1.1213321929335747
2018-01-24,1.1431936703282286
2018-01-25,1.1780335909111521
2018-01-26,1.1820807746933628
2018-01-29,1.23132602396361
2018-01-30,1.241413236064992
2018-01-31,1.2275372278657324
2018-02-01,1.2396931053596836
2018-02-02,1.2687958282402594
2018-02-05,1.2777540013654587
2018-02-06,1.260771367362918
2018-02-07,1.2449307270205994
2018-02-08,1.3002698396720245
2018-02-09,1.2881236136186347
2018-02-12,1.299790112561583
2018-02-13,1.3183162832810078
2018-02-14,1.3373079462975204
2018-02-15,1.3289864377509941
2018-02-16,1.2828506059155522
2018-02-19,1.2911397501359376
2018-02-20,1.2831163870297093
2018-02-21,1.2798637085575937
2018-02-22,1.2855092917572
2018-02-23,1.2591332321456186
2018-02-26,1.2406553148876922
2018-02-27,1.2443251852095703
2018-02-28,1.2452127088136429
2018-03-01,1.2242541802444933
2018-03-02,1.2063268777749876
2018-03-05,1.2287315512336292
2018-03-06,1.2353784166232646
2018-03-07,1.2105622453334286
2018-03-08,1.1830025843089613
2018-03-09,1.1910271154838838
2018-03-12,1.1744599394715873
2018-03-13,1.1555705401205376
2018-03-14,1.1470752169227971
2018-03-15,1.1320801335094988
2018-03-16,1.1301619949378097
2018-03-19,1.1373491917523584
2018-03-20,1.1136180664639532
2018-03-21,1.1354660371436154
2018-03-22,1.0727454940794203
2018-03-23,1.0844906408534758
2018-03-26,1.0609439922900332
2018-03-27,1.0347666443141392
2018-03-28,1.0388677920492313
2018-03-29,1.0196917262231526
2018-04-03,1.0282084500045698
2018-04-04,1.0132405151680821
2018-04-05,1.040066689684231
2018-04-06,1.044045252163638
2018-04-09,1.0400771778988016
2018-04-10,1.045135776148694
2018-04-11,1.0406752028783188
2018-04-12,1.0592085733370453
2018-04-13,1.0655177138955327
2018-04-16,1.0545745867434348
2018-04-17,1.0426516291477608
2018-04-18,1.03364149086533
2018-04-19,1.0892000495999028
2018-04-20,1.1101674945856068
2018-04-23,1.1246507393054515
2018-04-24,1.1302238095335397
2018-04-25,1.1347898127230849
2018-04-26,1.1207757543674202
2018-04-27,1.071904244640466
2018-04-30,1.0814219015513338
2018-05-02,1.0761843946011709
2018-05-03,1.067252283907166
2018-05-04,1.0781649098473505
2018-05-07,1.0686649369236356
2018-05-08,1.1091904393245375
2018-05-09,1.1021000579942921
2018-05-10,1.0862645759120682
2018-05-11,1.09467761658766
2018-05-14,1.1280839569055985
2018-05-15,1.1576078061415842
2018-05-16,1.147215833839871
2018-05-17,1.1781637450831326
2018-05-18,1.189927820865881
2018-05-21,1.2025855667689296
2018-05-22,1.205917088616788
2018-05-23,1.1939872502054651
2018-05-24,1.160253120333806
2018-05-25,1.1485170261734616
2018-05-28,1.1928910624182105
2018-05-29,1.135687745258748
2018-05-30,1.2238729162329882
2018-05-31,1.1258744388370534
2018-06-01,1.1467927324007068
2018-06-04,1.0882540102333955
2018-06-05,1.0931230943899752
2018-06-06,1.1626479809411663
2018-06-07,1.1519886011341551
2018-06-08,1.156191358704584
2018-06-11,1.1594280443032066
2018-06-12,1.1513998021448266
2018-06-13,1.117070085787697
2018-06-14,1.070116749900352
2018-06-15,1.0177033690755
2018-06-18,1.0357366898228513
2018-06-19,0.9946414809917172
2018-06-20,1.0107691499097875
2018-06-21,1.0348923844717675
2018-06-22,1.04837073599254
2018-06-25,1.0452788019024535
2018-06-26,1.1477508035297053
2018-06-27,1.0469549713421635
2018-06-28,1.0299370357309634
2018-06-29,1.0248257219705152
2018-07-02,1.000155625559362
2018-07-03,1.006626289178504
2018-07-04,0.9859395125974313
2018-07-05,1.0179408021012968
2018-07-06,1.0002227763659928
2018-07-09,1.0627065475216089
2018-07-10,1.014363211604664
2018-07-11,1.0177200679410987
2018-07-12,0.9961061695071347
2018-07-13,1.0021870118315999
2018-07-16,0.9939043947747557
2018-07-17,0.984982766994154
2018-07-18,0.9429507746937116
2018-07-19,0.9749137848153779
2018-07-20,0.9883346318814521
2018-07-23,0.9821550559479242
2018-07-24,0.9793742948428878
2018-07-25,0.9775939308990989
2018-07-26,0.9804010115943882
2018-07-27,0.9922979943112828
2018-07-30,1.1104964859366806
2018-07-31,1.0880503407078645
2018-08-01,1.14292970177803
2018-08-02,1.1524472272630568
2018-08-03,1.103311401139372
2018-08-06,1.1407065781001702
2018-08-07,1.1453302993032306
2018-08-08,1.1401183077718358
2018-08-09,1.1303477719792898
2018-08-10,1.1313859819710803
2018-08-13,1.1614453401337173
2018-08-14,1.1606557567649176
2018-08-15,1.1540169090364234
2018-08-16,1.1600501160473033
2018-08-17,1.1692993552152782
2018-08-20,1.149164798816571
2018-08-21,1.1160930564412173
2018-08-22,1.1156229028252636
2018-08-23,1.1272143185313297
2018-08-24,1.1492726233823856
2018-08-27,1.1899792165417757
2018-08-28,1.1842069129318666
2018-08-29,1.197261825539055
2018-08-30,1.224144803357822
2018-08-31,1.2125636785656582
2018-09-03,1.1949359912670285
2018-09-04,1.1755508259825014
2018-09-05,1.109202882963908
2018-09-06,1.1272262819522467
2018-09-07,1.1522577895921007
2018-09-10,1.126578044641116
2018-09-11,1.1824636930323678
2018-09-12,1.1449120466356142
2018-09-13,1.1732104676168955
2018-09-14,1.204245291774134
2018-09-17,1.1738241973307026
2018-09-18,1.2349497731546855
2018-09-19,1.2753293546403945
2018-09-20,1.24199951060376
2018-09-21,1.2365118332350598
2018-09-24,1.2895215061941503
2018-09-25,1.2982456951552006
2018-09-26,1.2923253318593417
2018-09-27,1.3077876035473892
2018-09-28,1.257266484995906
2018-10-01,1.269333253363527
2018-10-02,1.2619903069331375
2018-10-03,1.2621220446971417
2018-10-04,1.3166352584474517
2018-10-05,1.3581866562939613
2018-10-08,1.3678833211672714
2018-10-09,1.379643210033084
2018-10-10,1.3668515256717324
2018-10-11,1.3709426540119747
2018-10-12,1.365796893300697
2018-10-15,1.3557847280586977
2018-10-16,1.325699648916716
2018-10-17,1.2792908666630272
2018-10-18,1.3810180927391666
2018-10-19,1.3802515892920333
2018-10-22,1.4112587222004134
2018-10-23,1.3914595733388335
2018-10-24,1.3925461312727432
2018-10-25,1.3317593566446426
2018-10-26,1.293685455536112
2018-10-29,1.3008010589229055
2018-10-30,1.3264099267321772
2018-10-31,1.2460283192269728
2018-11-01,1.286457505576088
2018-11-02,1.2940409732235718
2018-11-05,1.2843331132035107
2018-11-06,1.3126167658587935
2018-11-07,1.3142770148120224
2018-11-08,1.2830876780179885
2018-11-09,1.275805445849894
2018-11-12,1.2692708634975691
2018-11-13,1.2830922167026966
2018-11-14,1.300301477955193
2018-11-15,1.3228098830448793
2018-11-16,1.3270036240300715
2018-11-19,1.3563103980952569
2018-11-20,1.3529569363851284
2018-11-21,1.3364915271311784
2018-11-22,1.3259312595200736
2018-11-23,1.2905319903878691
2018-11-26,1.2552332294342765
2018-11-27,1.2646381586243773
2018-11-28,1.2566131131307259
2018-11-29,1.201441193729373
2018-11-30,1.2110969455821152
2018-12-03,1.2005223798104954
2018-12-04,1.1685186196981387
2018-12-05,1.169248139600164
2018-12-06,1.1620336667655131
2018-12-07,1.194368932169981
2018-12-10,1.1806627156267062
2018-12-11,1.16795231059867
2018-12-12,1.1580470129504583
2018-12-13,1.1515232249529035
2018-12-14,1.1452231999657823
2018-12-17,1.14806066600244
2018-12-18,1.131712234117014
2018-12-19,1.150705301709543
2018-12-20,1.1275963692794697
2018-12-21,1.1408437990470421
2018-12-27,1.149405268299747
2018-12-28,1.1653486888195177
2019-01-02,1.1032631399958683
2019-01-03,1.149087319994294
2019-01-04,1.1877258873681962
2019-01-07,1.167202932519606
2019-01-08,1.1893011656531542
2019-01-09,1.1208072428409492
2019-01-10,1.0635053876662024
2019-01-11,1.041574056872118
2019-01-14,1.0462771657518508
2019-01-15,1.0330721656987887
2019-01-16,1.0514997302178495
2019-01-17,1.0397145106348118
2019-01-18,1.0406377828117575
2019-01-21,1.04846078665034
2019-01-22,1.0310804495725567
2019-01-23,1.0276344724884345
2019-01-24,0.9798489113923479
2019-01-25,0.9192617012615751
2019-01-28,0.9402393036801366
2019-01-29,0.9782926469591642
2019-01-30,0.9791362339965421
2019-01-31,0.9461593173589207
2019-02-01,0.8998624170752554
2019-02-04,1.0329300937811023
2019-02-05,0.9961973418303223
2019-02-06,0.9250016684921283
2019-02-07,0.9217896789091231
2019-02-08,0.9148204355619338
2019-02-11,0.9147518363953835
2019-02-12,0.913563570511144
2019-02-13,0.8986757497870279
2019-02-14,0.8642194061781527
2019-02-15,0.8972032536617811
2019-02-18,0.8779759683227693
2019-02-19,0.8852499864089638
2019-02-20,0.8743186770162987
2019-02-21,0.909650403144088
2019-02-22,0.8706629287759995
2019-02-25,0.8701336602198744
2019-02-26,0.8457937578529493
2019-02-27,0.9672812936033215
2019-02-28,0.9874360124862811
2019-03-01,1.0029913481417285
2019-03-04,0.991009636422985
2019-03-05,0.9757967966150916
2019-03-06,0.9303198929536038
2019-03-07,0.8165265579971721
2019-03-08,0.7958079014387489
2019-03-11,0.7783311205298968
2019-03-12,0.8042852992869278
2019-03-13,0.8041203227069493
2019-03-14,0.7942018856333997
2019-03-15,0.7800412326065795
2019-03-18,0.8016967219029199
2019-03-19,0.8094977568774668
2019-03-20,0.8027511204546727
2019-03-21,0.7344194143908012
2019-03-22,0.7291765445292357
2019-03-25,0.7616939559907512
2019-03-26,0.776613497361367
2019-03-27,0.7126980556605771
2019-03-28,0.7437790703805844
2019-03-29,0.7476090398766826
2019-04-01,0.7703366108297693
2019-04-02,0.7786100190207708
2019-04-03,0.7556545869464051
2019-04-04,0.6704892716959927
2019-04-05,0.7143763912229364
2019-04-08,0.651499338585606
2019-04-09,0.7899463297243954
2019-04-10,0.7520774515207349
2019-04-11,0.6542340930544315
2019-04-12,0.6881172398672128
2019-04-15,0.7806241445526849
2019-04-16,0.7300647476353701
2019-04-17,0.7909703360289613
2019-04-18,0.7282651731948273
2019-04-23,0.7695895394744761
2019-04-24,0.7030517692192233
2019-04-25,0.738729873919207
2019-04-26,0.7179165532596574
2019-04-29,0.6750576476243144
2019-04-30,0.6747739296278912
2019-05-02,0.6469024927125946
2019-05-03,0.6520777179335187
2019-05-06,0.6560270048887569
2019-05-07,0.6258251718209364
2019-05-08,0.6239428233071203
2019-05-09,0.637247555265716
2019-05-10,0.6513653841005285
2019-05-13,0.6392179437681547
2019-05-14,0.6925085762782
2019-05-15,0.6674450598422208
2019-05-16,0.6261196572494097
2019-05-17,0.6051612915093352
2019-05-20,0.6389588174670222
2019-05-21,0.6336532708550853
2019-05-22,0.6259518384935352
2019-05-23,0.6037529225034226
2019-05-24,0.5886486344395712
2019-05-27,0.5769521125357464
2019-05-28,0.6444264776578401
2019-05-29,0.5394899665994415
2019-05-30,0.5394899665993269
2019-05-31,0.49937223199054115
2019-06-03,0.4527804367462309
2019-06-04,0.4008793772585033
2019-06-05,0.3858255412922551
2019-06-06,0.36160498311955624
2019-06-07,0.2941478092954135
2019-06-10,0.3569084924071424
2019-06-11,0.32995225103442927
2019-06-12,0.34523646035942157
2019-06-13,0.36896009474803826
2019-06-14,0.3397385037249254
2019-06-17,0.35070139089073793
2019-06-18,0.25068455466818396
2019-06-19,0.26533118888122686
2019-06-20,0.24461342951156873
2019-06-21,0.28179037305230636
2019-06-24,0.26034290841435714
2019-06-25,0.23001193478361381
2019-06-26,0.23001193478335225
2019-06-27,0.2397408555916294
2019-06-28,0.23325346890473897
2019-07-01,0.19929863390828295
2019-07-02,0.17145538979896413
2019-07-03,0.11469036010073808
2019-07-04,0.09325123717139983
2019-07-05,0.16318150127497155
2019-07-08,0.14970906908480597
2019-07-09,0.17805201107803992
2019-07-10,0.21781531880230487
2019-07-11,0.23213845421110246
2019-07-12,0.29479172234807294
2019-07-15,0.2562557768164151
2019-07-16,0.23277894134965038
2019-07-17,0.19347676736846697
2019-07-18,0.18877758546098633
2019-07-19,0.12813647909850268
2019-07-22,0.12645641710437072
2019-07-23,0.13005162767616651
2019-07-24,0.09700141329583589
2019-07-25,0.1663266434420283
2019-07-26,0.11182585436815806
2019-07-29,0.07823280041867564
2019-07-30,0.09751834726302322
2019-07-31,0.04791057289608158
2019-08-01,0.014561912188937765
2019-08-02,-0.012700402582325854
2019-08-05,-0.010991721041573754
2019-08-06,-0.07287572663609065
2019-08-07,-0.12578331247360053
2019-08-08,-0.05786379832384991
2019-08-09,-0.05194276793337416
2019-08-12,-0.06160594171421918
2019-08-13,-0.08279185406961043
2019-08-14,-0.14284619748979388
2019-08-15,-0.12691287951553543
2019-08-16,-0.21679875557451744
2019-08-19,-0.10128708494402172
2019-08-20,-0.14834371034642713
2019-08-21,-0.12622380870948113
2019-08-22,-0.09795111702919534
2019-08-23,-0.09536215758120914
2019-08-26,-0.1136772758166531
2019-08-27,-0.14999185500241818
2019-08-28,-0.20502343738155027
2019-08-29,-0.12787088198482932
2019-08-30,-0.10950665092319145
2019-09-02,-0.0975503261796069
2019-09-03,-0.11379736946276209
2019-09-04,-0.07627874242504173
2019-09-05,-0.008184002895687659
2019-09-06,-0.0631740614372247
2019-09-09,-0.0011510080372203468
2019-09-10,0.007940973309897625
2019-09-11,0.017929096409398326
2019-09-12,-0.018409050974677044
2019-09-13,0.04796115457375194
2019-09-16,0.05804274176741142
2019-09-17,0.06338701033323257
2019-09-18,0.10179175735993962
2019-09-19,0.040081805153082684
2019-09-20,0.025206546787575945
2019-09-23,-0.03557680076511538
2019-09-24,-0.04610396196632127
2019-09-25,-0.06593987119574951
2019-09-26,-0.03242393073994787
2019-09-27,-0.03604610527581187
2019-09-30,-0.035582278832727354
2019-10-01,-0.0005673061662694323
2019-10-02,0.005951007912132766
2019-10-03,-0.03972057249123129
2019-10-04,-0.041354343190864284
2019-10-07,-0.036551813342925676
2019-10-08,-0.044737222136165045
2019-10-09,-0.02409644623514673
2019-10-10,0.055213267940033006
2019-10-11,0.06500187719374928
2019-10-14,0.05569656729519057
2019-10-15,0.0443961919756557
2019-10-16,0.09620242176865279
2019-10-17,0.09234722833155118
2019-10-18,0.11687607140770062
2019-10-21,0.14299516462071882
2019-10-22,0.114661110858302
2019-10-23,0.09380374524394153
2019-10-24,0.09201603020948923
2019-10-25,0.12134900061963982
2019-10-28,0.1528313513720203
2019-10-29,0.1465486731827177
2019-10-30,0.14124844332262843
2019-10-31,0.08457970288835526
2019-11-01,0.10867508294008932
2019-11-04,0.15129356021603968
2019-11-05,0.1407941084498292
2019-11-06,0.11689771271062455
2019-11-07,0.16980232416335372
2019-11-08,0.1959304814939271
2019-11-11,0.19675858747173347
2019-11-12,0.21293423878339368
2019-11-13,0.20537717560249913
2019-11-14,0.18013465357725345
2019-11-15,0.1987835817205701
2019-11-18,0.17212890936588554
2019-11-19,0.1904782728796226
2019-11-20,0.16493632880747366
2019-11-21,0.21366921666066396
2019-11-22,0.1914907221711113
2019-11-25,0.17746893068915437
2019-11-26,0.1541116577867081
2019-11-27,0.16590651170419424
2019-11-28,0.17500863713697346
2019-11-29,0.20979174192627426
2019-12-02,0.260919956652633
2019-12-03,0.19653937582581626
2019-12-04,0.1863723563001427
2019-12-05,0.24739015425292532
2019-12-06,0.23806857927418257
2019-12-09,0.22584105498376328
2019-12-10,0.2298146817718978
2019-12-11,0.20214703768453823
2019-12-12,0.2306789342591271
2019-12-13,0.23725792128197298
2019-12-16,0.20765009129427536
2019-12-17,0.21234797015252393
2019-12-18,0.24562452348440988
2019-12-19,0.2995265818705706
2019-12-20,0.2672909328765414
2019-12-23,0.2619531329299516
2019-12-27,0.2615748445947945
2019-12-30,0.3150915677470838
2020-01-02,0.28710017750531147
2020-01-03,0.23223110054328888
2020-01-06,0.21556226411274526
2020-01-07,0.22217603673401953
2020-01-08,0.24737021658074454
2020-01-09,0.2748662683767291
2020-01-10,0.25780853522129643
2020-01-13,0.2950632970363447
2020-01-14,0.25627023902647217
2020-01-15,0.23919208265291214
2020-01-16,0.24040545729608898
2020-01-17,0.24715701164408355
2020-01-20,0.2148652191352518
2020-01-21,0.20555573857302534
2020-01-22,0.1751103698460028
2020-01-23,0.16168873926416616
2020-01-24,0.11968764969465351
2020-01-27,0.05140074795509264
2020-01-28,0.059045428410775536
2020-01-29,0.05799254801494769
2020-01-30,0.027877363061419302
2020-01-31,-0.009220897749431245
2020-02-03,-0.008229042209634052
2020-02-04,0.06714516308348806
2020-02-05,0.07581473012718298
2020-02-06,0.08225669201768149
2020-02-07,0.03684208958262314
2020-02-10,0.030133615769617705
2020-02-11,0.005096164761329014
2020-02-12,0.008198113707533317
2020-02-13,0.031088031008904338
2020-02-14,0.014603736625265817
2020-02-17,0.014768004212974972
2020-02-18,0.034057243195997344
2020-02-19,0.024851404026746238
2020-02-20,-0.002466316411564584
2020-02-21,-0.02275630688477115
2020-02-24,-0.03311882138462696
2020-02-25,-0.02879861030884001
2020-02-26,-0.0040975731152586015
2020-02-27,0.0038791836161453652
2020-02-28,-0.02318619517538245
2020-03-02,-0.0091407851895422
2020-03-03,0.011322422500464668
2020-03-04,-0.0809981501384085
2020-03-05,-0.034090956090608415
2020-03-06,-0.08499914116710139
2020-03-09,-0.01953422511789471
2020-03-10,0.022730060825561615
2020-03-11,0.06456558198948281
2020-03-12,-0.05403259775813485
2020-03-13,0.31197701476914963
2020-03-16,0.49612366514960415
2020-03-17,0.6159576670321651
2020-03-18,0.7104567535426014
2020-03-19,0.5763551020000874
2020-03-20,0.46363896058170817
2020-03-23,0.4748745527392946
2020-03-24,0.5336773596976268
2020-03-25,0.528630065056944
2020-03-26,0.4209202647581294
2020-03-27,0.3014584523403574
2020-03-30,0.3165948647988195
2020-03-31,0.3783381125651766
2020-04-01,0.44242233690822097
2020-04-02,0.4434414912331355
2020-04-03,0.4519407574603038
2020-04-06,0.42383257646852357
2020-04-07,0.4966657866767106
2020-04-08,0.5385696800955855
2020-04-09,0.4872508802180735
2020-04-14,0.5489684801965384
2020-04-15,0.5382540745089859
2020-04-16,0.5320977432803544
2020-04-17,0.521231844722251
2020-04-20,0.5999373517301383
2020-04-21,0.6167738219950842
2020-04-22,0.7153237458123396
2020-04-23,0.6626965075596318
2020-04-24,0.5951529670513942
2020-04-27,0.5571396871533127
2020-04-28,0.5198590109208299
2020-04-29,0.4826704526648724
2020-04-30,0.3905456714136246
2020-05-04,0.4773668485196638
2020-05-05,0.497106019253013
2020-05-06,0.5507196356520834
2020-05-07,0.5471591304626049
2020-05-08,0.5059409804701365
2020-05-11,0.4562251805212614
2020-05-12,0.476387824524243
2020-05-13,0.4725938442802087
2020-05-14,0.34357190538695415
2020-05-15,0.3397344908126332
2020-05-18,0.35099748765336125
2020-05-19,0.31345671654866125
2020-05-20,0.30677919733128967
2020-05-21,0.292534701475065
2020-05-22,0.29494701798519385
2020-05-25,0.3047356108493702
2020-05-26,0.2927782552734137
2020-05-27,0.28291643002467826
2020-05-28,0.2342710110065762
2020-05-29,0.1889278305914952
2020-06-01,0.22611369565858874
2020-06-02,0.2045252457944633
2020-06-03,0.24331587182979364
2020-06-04,0.24658986257552717
2020-06-05,0.2465420853806588
2020-06-08,0.21749609895792332
2020-06-09,0.2174004331959991
2020-06-10,0.29046383414482424
2020-06-11,0.20538988587284202
2020-06-12,0.18391136928209573
2020-06-15,0.151283449886634
2020-06-16,0.14902502989100874
2020-06-17,0.1339847636388436
2020-06-18,0.1264818890872661
2020-06-19,0.10976728393530033
2020-06-22,0.06395573321260573
2020-06-23,0.08991918423667267
2020-06-24,0.09376589375905375
2020-06-25,0.0934672763461406
2020-06-26,0.05807904886459969
2020-06-29,0.06613459504940389
2020-06-30,0.07190287189943856
2020-07-01,0.1403197836330108
2020-07-02,0.08627529947205392
2020-07-03,0.07561611241378374
2020-07-06,0.07067186518833068
2020-07-07,0.05396764495119788
2020-07-08,0.04140690299365213
2020-07-09,0.031886412922377705
2020-07-10,0.012028254193998222
2020-07-13,0.06501627533444898
2020-07-14,0.036702123994058145
2020-07-15,0.038044285610964845
2020-07-16,0.014831377994678263
2020-07-17,-0.015674703021414604
2020-07-20,-0.01290025787733029
2020-07-21,-0.011712834779577186
2020-07-22,-0.03823133619664976
2020-07-23,-0.035416285405335035
2020-07-24,0.00037025347900465633
2020-07-27,-0.007849649453717689
2020-07-28,-0.03943398397979703
2020-07-29,-0.03994354393405386
2020-07-30,-0.07924908209948045
2020-07-31,-0.04472058337222018
2020-08-03,-0.0006433542758124133
2020-08-04,-0.10308381745836925
2020-08-05,-0.06477845114663161
2020-08-06,-0.09756268314547523
2020-08-07,-0.09904592049655214
2020-08-10,-0.11263726389984363
2020-08-11,-0.05731585609428924
2020-08-12,-0.04774509254928949
2020-08-13,0.010880183300133961
2020-08-14,0.006691225840723902
2020-08-17,-0.008454876492273833
2020-08-18,-0.01789546013479759
2020-08-19,-0.0390994396925044
2020-08-20,-0.06538996679761899
2020-08-21,-0.056474627059031945
2020-08-24,-0.03493090963597689
2020-08-25,0.01943318235297431
2020-08-26,0.025086686522492574
2020-08-27,0.0438183335466622
2020-08-28,0.0424311703686846
2020-08-31,0.06558301020861501
2020-09-01,0.060532530604068935
2020-09-02,-0.0149463021258609
2020-09-03,-0.05039473738990541
2020-09-04,-0.025985400195056574
2020-09-07,-0.008429365939944589
2020-09-08,-0.04450602730636355
2020-09-09,-0.021863370202360066
2020-09-10,0.002180411916100411
2020-09-11,-0.022559063428324144
2020-09-14,-0.05142074323721468
2020-09-15,-0.04281964808336092
2020-09-16,-0.0705029701880453
2020-09-17,-0.06507423186382422
2020-09-18,-0.05122324418204238
2020-09-21,-0.07410832906529308
2020-09-22,-0.061935400956454334
2020-09-23,-0.06594058106323519
2020-09-24,-0.07046139809516871
2020-09-25,-0.07490414141460588
2020-09-28,-0.07644320044733544
2020-09-29,-0.08652778527496885
2020-09-30,-0.07887110777940887
2020-10-01,-0.05360571974307371
2020-10-02,-0.07714089311901162
2020-10-05,-0.06232133145591989
2020-10-06,-0.07466397436746952
2020-10-07,-0.04572706766312562
2020-10-08,-0.08150258650075104
2020-10-09,-0.11283119788313734
2020-10-12,-0.12457062628092386
2020-10-13,-0.13535966142329237
2020-10-14,-0.15338236361608093
2020-10-15,-0.1627909574008135
2020-10-16,-0.18069520924929883
2020-10-19,-0.15454923731718928
2020-10-20,-0.12799086375070567
2020-10-21,-0.10195603431457867
2020-10-22,-0.0905092310734017
2020-10-23,-0.08469667243844325
2020-10-26,-0.09923029665184657
2020-10-27,-0.1297446548972827
2020-10-28,-0.120168048994723
2020-10-29,-0.14109956632448517
2020-10-30,-0.14435764700866027
2020-11-02,-0.1445920528328335
2020-11-03,-0.14680761518857022
2020-11-04,-0.19959428108758148
2020-11-05,-0.17322800029918906
2020-11-06,-0.16772656658578855
2020-11-09,-0.10002308226579837
2020-11-10,-0.07696810835423751
2020-11-11,-0.10882593611851687
2020-11-12,-0.12703088334110024
2020-11-13,-0.13478571713867238
2020-11-16,-0.1580978992490656
2020-11-17,-0.17507619420410236
2020-11-18,-0.16758611180517846
2020-11-19,-0.17841229603254627
2020-11-20,-0.18651287962696728
2020-11-23,-0.18503575473638767
2020-11-24,-0.18895053512296656
2020-11-25,-0.19213717384422901
2020-11-26,-0.19917298362030378
2020-11-27,-0.1975287296575945
2020-11-30,-0.19324613213256514
2020-12-01,-0.14771230360456533
2020-12-02,-0.13326096787504005
2020-12-03,-0.17241909373413122
2020-12-04,-0.1764926477796256
2020-12-07,-0.19850373641738983
2020-12-08,-0.23772606938253427
2020-12-09,-0.23381638509879155
2020-12-10,-0.23173795558980848
2020-12-11,-0.2639582789177197
2020-12-14,-0.23605903775431392
2020-12-15,-0.2636695061593719
2020-12-16,-0.20910452609040586
2020-12-17,-0.2163634577945439
2020-12-18,-0.1975540243950129
2020-12-21,-0.18616160979816154
2020-12-22,-0.19035078882351497
2020-12-23,-0.1455957836979236
2020-12-28,-0.16168347703172925
2020-12-29,-0.18573456978998504
2020-12-30,-0.19440654049005834
2021-01-04,-0.1916960283931597
2021-01-05,-0.19549316006344553
2021-01-06,-0.201536938905448
2021-01-07,-0.19454184199748248
2021-01-08,-0.23273697878941446
2021-01-11,-0.20035781676675368
2021-01-12,-0.170955722954794
2021-01-13,-0.19792051803482202
2021-01-14,-0.22298208912785755
2021-01-15,-0.21399671457428626
2021-01-18,-0.15044762095543174
2021-01-19,-0.15156116775971862
2021-01-20,-0.16232692525117898
2021-01-21,-0.12283825251512681
2021-01-22,-0.12176918665922987
2021-01-25,-0.19244322828593585
2021-01-26,-0.18547082633427214
2021-01-27,-0.19082751724875502
2021-01-28,-0.1770018601297778
2021-01-29,-0.1555583426867888
2021-02-01,-0.15567774830273695
2021-02-02,-0.13544122633780953
2021-02-03,-0.13139907171060328
2021-02-04,-0.09634540500421007
2021-02-05,-0.10532856160607773
2021-02-08,-0.07938849450363383
2021-02-09,-0.0990184689314959
2021-02-10,-0.10062118078852578
2021-02-11,-0.10942385877007688
2021-02-12,-0.05560007396471889
2021-02-15,-0.01686848384088968
2021-02-16,0.010091039064760832
2021-02-17,0.0319884907309671
2021-02-18,0.0735369696502981
2021-02-19,0.07743442516825061
2021-02-22,0.06459471186647736
2021-02-23,0.10363319475146371
2021-02-24,0.13457223806288754
2021-02-25,0.17907294396998452
2021-02-26,0.15721035529426208
2021-03-01,0.0753623524722058
2021-03-02,0.08747830733533712
2021-03-03,0.1068983546482638
2021-03-04,0.09028715214985361
2021-03-05,0.1109516985996355
2021-03-08,0.10966642264667747
2021-03-09,0.08133235861365673
2021-03-10,0.07106053554249359
2021-03-11,0.05122005736341295
2021-03-12,0.06355637733096264
2021-03-15,0.06635328678554231
2021-03-16,0.04844376782339754
2021-03-17,0.08452707016661876
2021-03-18,0.12332827851660655
2021-03-19,0.10457249560526716
2021-03-22,0.08738221670808555
2021-03-23,0.05372506112685782
2021-03-24,0.043099499583516554
2021-03-25,0.018823090486909333
2021-03-26,0.03766107352121972
2021-03-29,0.059404133605772014
2021-03-30,0.10843513458484821
2021-03-31,0.08814566003629576
2021-04-01,0.06190301189206915
2021-04-06,0.0907483160944711
2021-04-07,0.082379757526573
2021-04-08,0.05625514476569471
2021-04-09,0.10947786319213515
2021-04-12,0.11227092823888096
2021-04-13,0.10946485068197154
2021-04-14,0.12273041393700002
2021-04-15,0.12016787674556006
2021-04-16,0.12775131888525015
2021-04-19,0.16438869348373064
2021-04-20,0.15463436825940535
2021-04-21,0.1165853589113719
2021-04-22,0.11555485879268268
2021-04-23,0.13062964312515524
2021-04-26,0.13176080095225817
2021-04-27,0.1477791616567785
2021-04-28,0.16633780238627205
2021-04-29,0.22305779523333902
2021-04-30,0.20203102743613766
2021-05-03,0.198832888495025
2021-05-04,0.18257766628405747
2021-05-05,0.1826420799796269
2021-05-06,0.188896018924138
2021-05-07,0.23408240885624432
2021-05-10,0.21123222857234225
2021-05-11,0.2561899759305031
2021-05-12,0.289159815980669
2021-05-13,0.34942249573755024
2021-05-14,0.31800925880573416
2021-05-17,0.34570777066133473
2021-05-18,0.363158639046512
2021-05-19,0.36782559925556146
2021-05-20,0.35120224938134204
2021-05-21,0.31419439217073375
2021-05-24,0.34591923812310954
2021-05-25,0.27081992426245316
2021-05-26,0.22079617332934642
2021-05-27,0.24911365576141042
2021-05-28,0.24529422905300802
2021-05-31,0.2518974277811039
2021-06-01,0.23949456279610315
2021-06-02,0.22589172942330427
2021-06-03,0.23490319306226315
2021-06-04,0.21582907599037782
2021-06-07,0.24175692291078432
2021-06-08,0.21737173462517356
2021-06-09,0.16878435615969023
2021-06-10,0.1851195819203466
2021-06-11,0.14730095925829723
2021-06-14,0.173979801320586
2021-06-15,0.187822628017275
2021-06-16,0.17989734272698588
2021-06-17,0.2218306799512768
2021-06-18,0.21809248355416888
2021-06-21,0.23606892923774314
2021-06-22,0.23863089626656464
2021-06-23,0.21859744072594012
2021-06-24,0.21145810904535978
2021-06-25,0.24415579996983894
2021-06-28,0.23206443572028412
2021-06-29,0.22963322572715672
2021-06-30,0.20163342004056295
2021-07-01,0.1812124774080428
2021-07-02,0.15906216018147523
2021-07-05,0.1766575197557687
2021-07-06,0.12796594439697273
2021-07-07,0.09552780663601057
2021-07-08,0.09770848306844848
2021-07-09,0.1201549646396598
2021-07-12,0.10744208669138744
2021-07-13,0.08915487777276954
2021-07-14,0.08789043999525137
2021-07-15,0.07285819228292412
2021-07-16,0.041712414249235996
2021-07-19,0.02924210617945322
2021-07-20,0.015599164110842834
2021-07-21,0.028417430839404734
2021-07-22,0.015941581668043714
2021-07-23,-0.0041782938041476925
2021-07-26,0.0067229406981454964
2021-07-27,-0.015543687281931895
2021-07-28,-0.0052092328619886
2021-07-29,-0.0077789351748838165
2021-07-30,-0.020002468408246266
2021-08-02,-0.03996985817670984
2021-08-03,-0.06431582792442758
2021-08-04,-0.0763124185756956
2021-08-05,-0.08692182494748968
2021-08-06,-0.049510010786585124
2021-08-09,-0.06638828414494924
2021-08-10,-0.07522390313670813
2021-08-11,-0.04653447258601151
2021-08-12,-0.0500237291216048
2021-08-13,-0.05576585190434802
2021-08-16,-0.07498991239294561
2021-08-17,-0.059766089641487774
2021-08-18,-0.07189718198266837
2021-08-19,-0.06916375670701713
2021-08-20,-0.08238680405209653
2021-08-23,-0.06123709844117231
2021-08-24,-0.0597801192336016
2021-08-25,-0.015020381205231637
2021-08-26,0.020541093648247077
2021-08-27,0.017880961143837748
2021-08-30,-0.0072712605402847075
2021-08-31,0.02222421603692082
2021-09-01,0.036516099914131406
2021-09-02,0.024579257072407046
2021-09-03,0.05495768997519912
2021-09-06,0.054764587153232736
2021-09-07,0.10992320675221956
2021-09-08,0.09675389101294884
2021-09-09,0.03504173707487457
2021-09-10,0.03907921353688382
2021-09-13,0.0518994183722592
2021-09-14,0.04258057054732367
2021-09-15,0.07126557663341071
2021-09-16,0.11545539918220893
2021-09-17,0.09815708753531194
2021-09-20,0.056194014841391304
2021-09-21,0.03682764041509001
2021-09-22,0.04930724901237138
2021-09-23,0.09297011654992415
2021-09-24,0.14464943710461675
2021-09-27,0.14286496035065266
2021-09-28,0.17982352562153459
2021-09-29,0.1434355326184411
2021-09-30,0.1782038529749923
2021-10-01,0.13317997217484834
2021-10-04,0.16736571021502966
2021-10-05,0.17111477185565294
2021-10-06,0.17967897311118852
2021-10-07,0.18496682379549645
2021-10-08,0.19829532946194384
2021-10-11,0.22881614640758485
2021-10-12,0.2618749105220257
2021-10-13,0.22198282086721077
2021-10-14,0.1891643411317636
2021-10-15,0.21262592660639368
2021-10-18,0.23676680531489103
2021-10-19,0.2769454078213551
2021-10-20,0.23370905018766397
2021-10-21,0.2783700970838432
2021-10-22,0.2829140196575417
2021-10-25,0.26713797565186503
2021-10-26,0.25872594039392416
2021-10-27,0.2182360576612239
2021-10-28,0.2863614496400748
2021-10-29,0.38934410809280084
2021-11-01,0.39492594983873874
2021-11-02,0.30190166477919345
2021-11-03,0.2791469963848572
2021-11-04,0.21879396899229686
2021-11-05,0.16359217648586366
2021-11-08,0.17657114340082902
2021-11-09,0.15258202829203782
2021-11-10,0.18990286826342118
2021-11-11,0.23746559417915414
2021-11-12,0.22252882375258487
2021-11-15,0.23807387787372836
2021-11-16,0.24763607268750576
2021-11-17,0.24957849150256006
2021-11-18,0.2138648613345877
2021-11-19,0.16147734416561565
2021-11-22,0.16521543552585438
2021-11-23,0.26030723407173806
2021-11-24,0.29423505430711483
2021-11-25,0.26133884422569675
2021-11-26,0.1799446851642239
2021-11-29,0.2135800565607866
2021-11-30,0.1499172384951324
2021-12-01,0.18973631678528857
2021-12-02,0.1385821209952427
2021-12-03,0.13725282454383336
2021-12-06,0.10511905766729779
2021-12-07,0.11006973414245014
2021-12-08,0.1676193335580498
2021-12-09,0.14315119354800743
2021-12-10,0.11199507313108104
2021-12-13,0.09148309452287595
2021-12-15,0.09705958478744137
2021-12-16,0.14305957688187654
2021-12-17,0.10894856547773468
2021-12-20,0.10000585589894939
2021-12-21,0.17649955303482123
2021-12-22,0.21897123868044321
2021-12-23,0.25531825045864487
2021-12-24,0.25476561691910327
2021-12-27,0.2627445136212483
2021-12-28,0.2586772665004178
2021-12-29,0.2864895421634266
2021-12-30,0.31911694834545035
2021-12-31,0.31890727922863693
2022-01-03,0.3613249093788946
2022-01-04,0.32510047392475183
2022-01-05,0.3461161599843017
2022-01-06,0.3769879421529829
2022-01-07,0.36379104594920086
2022-01-10,0.41830261158397164
2022-01-11,0.39193326257396777
2022-01-12,0.3580006315464255
2022-01-13,0.33854822972353826
2022-01-14,0.3571238297935988
2022-01-17,0.39722223436402526
2022-01-18,0.4082549970868694
2022-01-19,0.4384264393891666
2022-01-20,0.42201710403686743
2022-01-21,0.3861490033843351
2022-01-24,0.37465476953760746
2022-01-25,0.3734659848210029
2022-01-26,0.3891904956833677
2022-01-27,0.41982271689791545
2022-01-28,0.44180185149751217
2022-01-31,0.49716490388920404
2022-02-01,0.5097949725367634
2022-02-02,0.5340922655367925
2022-02-03,0.625653638207549
2022-02-04,0.7298767561619453
2022-02-07,0.7930451144338106
2022-02-08,0.8363759910244556
2022-02-09,0.8049753436122473
2022-02-10,0.8395986934993819
2022-02-11,0.8604221081960711
2022-02-14,0.859859728981258
2022-02-15,0.9241987502234249
2022-02-16,0.875012079278478
2022-02-17,0.8579352876300841
2022-02-18,0.8169163401443428
2022-02-21,0.8275452967011663
2022-02-22,0.8923259302755732
2022-02-23,0.8841478746565316
2022-02-24,0.8173306277607332
2022-02-25,0.8393992949852149
2022-02-28,0.8165988432637775
2022-03-01,0.6234764096100004
2022-03-02,0.6408958053555127
2022-03-03,0.7202429983236225
2022-03-04,0.6336805566410835
2022-03-07,0.6469630627973482
2022-03-08,0.7304431335671931
2022-03-09,0.8202530118453425
2022-03-10,0.8900933068795227
2022-03-11,0.9396806327566459
2022-03-14,1.0008325627613768
2022-03-15,0.9860334117807842
2022-03-16,1.0237959685795681
2022-03-17,1.0309020059752516
2022-03-18,0.9883140727944564
2022-03-21,1.04469844587833
2022-03-22,1.1039652814568433
2022-03-23,1.0778762836402702
2022-03-24,1.099691905731036
2022-03-25,1.1434682815049877
2022-03-28,1.150027327560263
2022-03-29,1.183365182561896
2022-03-30,1.2797916148612922
2022-03-31,1.182376775864515
2022-04-01,1.2201876010857724
2022-04-04,1.140525731122287
2022-04-05,1.2395603608793697
2022-04-06,1.3439787429444234
2022-04-07,1.3593072387958711
2022-04-08,1.3719716422391621
2022-04-11,1.432882904404996
2022-04-12,1.4144376406712171
2022-04-13,1.4135972251965299
2022-04-14,1.4425266889245592
2022-04-19,1.568903446800576
2022-04-20,1.4939145330402277
2022-04-21,1.530316889139053
2022-04-22,1.594797689108009
2022-04-25,1.5237255667022638
2022-04-26,1.5039448970835538
2022-04-27,1.4856742910409888
2022-04-28,1.584677983002424
2022-04-29,1.5992777034296384
2022-05-02,1.6753421338124161
2022-05-03,1.6481220071710985
2022-05-04,1.733039988344621
2022-05-05,1.7269624146475298
2022-05-06,1.8385133982596928
2022-05-09,1.8799895684172645
2022-05-10,1.7599264659090794
2022-05-11,1.77493649911269
2022-05-12,1.6051461188352998
2022-05-13,1.6651322953771048
2022-05-16,1.6818016923072414
2022-05-17,1.780503277087264
2022-05-18,1.7877385267698378
2022-05-19,1.6942116937120286
2022-05-20,1.7457686560556571
2022-05-23,1.746199681818739
2022-05-24,1.8032836679356659
2022-05-25,1.7286699561253158
2022-05-26,1.7346658991492294
2022-05-27,1.7458772060801047
2022-05-30,1.8266006753376587
2022-05-31,1.8979615948619724
2022-06-01,1.886241727900328
2022-06-02,2.0008187550539063
2022-06-03,2.0941531202926105
2022-06-06,2.0917656351782803
2022-06-07,2.082949196084209
2022-06-08,2.114057034816163
2022-06-09,2.237811268177459
2022-06-10,2.3267186094057846
2022-06-13,2.5147149680280814
2022-06-14,2.607304109114796
2022-06-15,2.472853440658057
2022-06-16,2.6645986616931605
2022-06-17,2.4947252743925104
2022-06-20,2.503521888711387
2022-06-21,2.5598570369359077
2022-06-22,2.4101011682667854
2022-06-23,2.2236603152099894
2022-06-24,2.290976939124995
2022-06-27,2.3394666008146725
2022-06-28,2.447175957381971
2022-06-29,2.3645043295105626
2022-06-30,2.2090547702574246
2022-07-01,2.0918653399756386
2022-07-04,2.1827894179687917
2022-07-05,2.1079089885498767
2022-07-06,1.9966671227625623
2022-07-07,2.14210643044178
2022-07-08,2.1382053316812484
2022-07-11,2.0914543527376437
2022-07-12,1.9534101953248315
2022-07-13,2.0319704477114504
2022-07-14,2.074651736088255
2022-07-15,2.0182015498753296
2022-07-18,2.0844414537053284
2022-07-19,2.0969904764537293
2022-07-20,2.090657990948839
2022-07-21,2.1800453363359327
2022-07-22,1.905231926803977
2022-07-25,1.9688165035072636
2022-07-26,1.8219221408699795
2022-07-27,1.849301144660415
2022-07-28,1.6981227433725712
2022-07-29,1.6943698748464957
2022-08-01,1.6412263319845766
2022-08-02,1.5888455159838337
2022-08-03,1.6708558849826285
2022-08-04,1.6134654459427873
2022-08-05,1.676217552539206
2022-08-08,1.6555467324585307
2022-08-09,1.7344148741810144
2022-08-10,1.6678215502554674
2022-08-11,1.697186907927655
2022-08-12,1.7453856210119307
2022-08-15,1.6823239465751
2022-08-16,1.7943371750902768
2022-08-17,1.880465834254151
2022-08-18,1.851497620342466
2022-08-19,1.9959487198223078
2022-08-22,2.0730390254967324
2022-08-23,2.1553241832266616
2022-08-24,2.2202126844179664
2022-08-25,2.1570712135098224
2022-08-26,2.253352446674969
2022-08-29,2.3410491015813286
2022-08-30,2.3412526654014316
2022-08-31,2.3810857290826393
2022-09-01,2.4544161323544493
2022-09-02,2.3512466742194458
2022-09-05,2.4405833647912822
2022-09-06,2.46225957349509
2022-09-07,2.397331719624112
2022-09-08,2.461289043877082
2022-09-09,2.5585874011607572
2022-09-12,2.4896825828835922
2022-09-13,2.5098747071812206
2022-09-14,2.5720707420292177
2022-09-15,2.5529398221603508
2022-09-16,2.608226976230276
2022-09-19,2.6151739705171075
2022-09-20,2.7702846727772386
2022-09-21,2.695681313372466
2022-09-22,2.7664244710560286
2022-09-23,2.832024323764762
2022-09-26,2.9432888155243924
2022-09-27,3.0565884310309306
2022-09-28,3.0612857406341143
2022-09-29,3.1097585736714235
2022-09-30,2.996374441888309
2022-10-03,2.899591409909083
2022-10-04,2.755135674784007
2022-10-05,2.8996718645969346
2022-10-06,2.9740424604184215
2022-10-07,3.111615050181978
2022-10-10,3.1438169648346164
2022-10-11,3.2566261068442444
2022-10-12,3.337910779449839
2022-10-13,3.2657888624337694
2022-10-14,3.1953005438757147
2022-10-17,3.1723658878855017
2022-10-18,3.1692505535873887
2022-10-19,3.2622394778253834
2022-10-20,3.3383100480810852
2022-10-21,3.366586576511579
2022-10-24,3.2282842237679064
2022-10-25,3.102216300322498
2022-10-26,3.0793430741923404
2022-10-27,2.985559353034148
2022-10-28,2.981512596808771
2022-10-31,3.021516251999891
2022-11-01,3.0533772509154136
2022-11-02,3.037892067756208
2022-11-03,3.128882285266975
2022-11-04,3.1641565688461832
2022-11-07,3.2159048167818667
2022-11-08,3.169523813735863
2022-11-09,3.1322271874174863
2022-11-10,2.9454135921937272
2022-11-11,3.0313926455962585
2022-11-14,3.0134794019014914
2022-11-15,2.961107037717933
2022-11-16,2.865440907482318
2022-11-17,2.9123728900001815
2022-11-18,2.864561285165854
2022-11-21,2.822458258801198
2022-11-22,2.834612136090653
2022-11-23,2.753702117777175
2022-11-24,2.6655228379449354
2022-11-25,2.807270050760339
2022-11-28,2.841548871062757
2022-11-29,2.7543007198554963
2022-11-30,2.7719853928448748
2022-12-01,2.639078865364113
2022-12-02,2.673402582238914
2022-12-05,2.656733575968494
2022-12-06,2.593697456349518
2022-12-07,2.5740893128857114
2022-12-08,2.626631119125102
2022-12-09,2.7052440356958094
2022-12-12,2.684324467581783
2022-12-13,2.652588298498074
2022-12-14,2.746076326366703
2022-12-15,2.8905495615842973
2022-12-16,3.061439635396665
2022-12-19,3.0896090694720546
2022-12-20,3.196358332074854
2022-12-21,3.1654414424559705
2022-12-22,3.2366509409811246
2022-12-23,3.265487489576278
2022-12-27,3.3358991358348935
2022-12-28,3.349420341621369
2022-12-29,3.33664462445731
2022-12-30,3.3920425904923475
2023-01-02,3.311267746476658
2023-01-03,3.2260812830385603
2023-01-04,3.123419412419047
2023-01-05,3.1772622990285417
2023-01-06,3.1099114324624613
2023-01-09,3.0975174525794835
2023-01-10,3.104583710368108
2023-01-11,2.9942957989920527
2023-01-12,2.92010804099695
2023-01-13,2.888347486274376
2023-01-16,2.9444123567841536
2023-01-17,2.909248739079699
2023-01-18,2.696348839136824
2023-01-19,2.763012004927124
2023-01-20,2.88362603922468
2023-01-23,2.947852038484739
2023-01-24,2.9489307782804457
2023-01-25,2.8658121618181163
2023-01-26,2.9377733174084875
2023-01-27,3.007381609366969
2023-01-30,3.0483876020057656
2023-01-31,3.0527838134872916
2023-02-01,3.036134185907677
2023-02-02,2.8899117917243418
2023-02-03,2.905182042881543
2023-02-06,3.0164786050158363
2023-02-07,3.0460883605936107
2023-02-08,3.099719467667606
2023-02-09,3.027632824224245
2023-02-10,3.089971493950271
2023-02-13,3.0981973723790537
2023-02-14,3.126587949371371
2023-02-15,3.205608476147759
2023-02-16,3.274907138914459
2023-02-17,3.2249506170860776
2023-02-20,3.200723769079726
2023-02-21,3.3352631293185766
2023-02-22,3.3252673781791744
2023-02-23,3.2892305867907994
2023-02-24,3.3499506247800945
2023-02-27,3.3630614702455586
2023-02-28,3.4987585979252125
2023-03-01,3.47036321430904
2023-03-02,3.5153810387736075
2023-03-03,3.4889383479079203
2023-03-06,3.5009667569050165
2023-03-07,3.461807372838219
2023-03-08,3.3985397618018163
2023-03-09,3.4051726437637653
2023-03-10,3.2398944527828686
2023-03-13,3.046834872186016
2023-03-14,3.253206903390978
2023-03-15,3.015350462792881
2023-03-16,3.0221271313775118
2023-03-17,2.965049232713707
2023-03-20,2.8973424246148074
2023-03-21,3.044450406232516
2023-03-22,3.17386791165889
2023-03-23,3.027674516054773
2023-03-24,2.90544852430529
2023-03-27,3.0864525710067348
2023-03-28,3.1088186346158437
2023-03-29,3.136466439318097
2023-03-30,3.199653809493638
2023-03-31,3.1462328868228226
2023-04-03,3.1161126234379832
2023-04-04,3.1491317707441677
2023-04-05,3.0545807851917868
2023-04-06,2.9945464935597172
2023-04-11,3.1301029501469557
2023-04-12,3.1731081751405323
2023-04-13,3.1486392023670824
2023-04-14,3.21323608071682
2023-04-17,3.2820671230092913
2023-04-18,3.2505513679364757
2023-04-19,3.308785424754669
2023-04-20,3.2796988959836035
2023-04-21,3.293889808164531
2023-04-24,3.312926041237194
2023-04-25,3.230084289184365
2023-04-26,3.1783680045255327
2023-04-27,3.234775116478417
2023-04-28,3.15106426115066
2023-05-02,3.1647783081033047
2023-05-03,3.1017806212071406
2023-05-04,3.0956705952559584
2023-05-05,3.1412690286173213
2023-05-08,3.1768755530091966
2023-05-09,3.193714157139704
2023-05-10,3.139314601076377
2023-05-11,3.0704862837844615
2023-05-12,3.098326501292309
2023-05-15,3.1711777093412596
2023-05-16,3.1690630396692736
2023-05-17,3.166403980438208
2023-05-18,3.2945958753790396
2023-05-19,3.3186855121
2023-05-22,3.293506997
2023-05-23,3.3105749547
2023-05-24,3.2750747359
2023-05-25,3.318661371
2023-05-26,3.3659882827
2023-05-29,3.2693784629
2023-05-30,3.1973116968
2023-05-31,3.1083325159
2023-06-01,3.0875537347
2023-06-02,3.1007025807
2023-06-05,3.1749605042
2023-06-06,3.1665026152
2023-06-07,3.1828241994
2023-06-08,3.2295152168
2023-06-09,3.1906028929
2023-06-12,3.1658792344
2023-06-13,3.1804627562
2023-06-14,3.2489583546
2023-06-15,3.2256944826
2023-06-16,3.21299918
2023-06-19,3.2650997442
2023-06-20,3.1861274671
2023-06-21,3.2175291039
2023-06-22,3.2511876816
2023-06-23,3.1145364748
2023-06-26,3.1040259481
2023-06-27,3.0897797401
2023-06-28,3.1145971788
2023-06-29,3.1875479161
2023-06-30,3.2201384118
2023-07-03,3.1934824543
2023-07-04,3.2349960833
2023-07-05,3.2261889128
2023-07-06,3.3837034804
2023-07-07,3.4112375836
2023-07-10,3.4285903219
2023-07-11,3.4403646182
2023-07-12,3.3808762299
2023-07-13,3.241298112
2023-07-14,3.2509663997
2023-07-17,3.2538576864
2023-07-18,3.1279993836
2023-07-19,3.1510457219
2023-07-20,3.2169576025
2023-07-21,3.1955057007
2023-07-24,3.1650025271
2023-07-25,3.1889209662
2023-07-26,3.222147423
2023-07-27,3.169583478
2023-07-28,3.2323010581
2023-07-31,3.2357469862
2023-08-01,3.2795993039
2023-08-02,3.2689782721
2023-08-03,3.3549055004
2023-08-04,3.3312181314
2023-08-07,3.3499214603
2023-08-08,3.21677887
2023-08-09,3.2645528433
2023-08-10,3.2601409887
2023-08-11,3.3729921574
2023-08-14,3.4038747092
2023-08-15,3.4609282398
2023-08-16,3.4304540544
2023-08-17,3.469266536
2023-08-18,3.4039129072
2023-08-21,3.4650013137
2023-08-22,3.4396649254
2023-08-23,3.2947773141
2023-08-24,3.2975929611
2023-08-25,3.3289546895
2023-08-28,3.3365833395
2023-08-29,3.3336124438
2023-08-30,3.3023800554
2023-08-31,3.2494975902
2023-09-01,3.300196696
2023-09-04,3.3460713683
2023-09-05,3.3741035605
2023-09-06,3.3912396509
2023-09-07,3.4014821098
2023-09-08,3.3761044033
2023-09-11,3.4122736007
2023-09-12,3.419969162
2023-09-13,3.4354108315
2023-09-14,3.4000829459
2023-09-15,3.4705258394
2023-09-18,3.5108968508
2023-09-19,3.5270238616
2023-09-20,3.4999442241
2023-09-21,3.5492559204
2023-09-22,3.5544888898
2023-09-25,3.6051292566
2023-09-26,3.6197948734
2023-09-27,3.6240801355
2023-09-28,3.8164204652
2023-09-29,3.6656801678
2023-10-02,3.7285874306
2023-10-03,3.7698155753
2023-10-04,3.8109297515
2023-10-05,3.7680150279
2023-10-06,3.7963002163
2023-10-09,3.7283869995
2023-10-10,3.7010084271
2023-10-11,3.5847060578
2023-10-12,3.607941497
2023-10-13,3.6359704339
2023-10-16,3.6817259268
2023-10-17,3.7530523145
2023-10-18,3.7713208238
2023-10-19,3.7905884303
2023-10-20,3.7628393637
2023-10-23,3.7816944483
2023-10-24,3.7111312994
2023-10-25,3.7532813994
2023-10-26,3.7165472703
2023-10-27,3.6959077048
2023-10-30,3.6722388917
2023-10-31,3.6191769486
2023-11-01,3.6013265849
2023-11-02,3.5194987884
2023-11-06,3.5536201763
2023-11-07,3.5054881948
2023-11-08,3.4469382132
2023-11-09,3.4599302373
2023-11-10,3.5222146566
2023-11-13,3.5460896005
2023-11-14,3.434797558
2023-11-15,3.4236920654
2023-11-16,3.3506628414
2023-11-17,3.3679917548
2023-11-20,3.3633828912
2023-11-21,3.3259433989
2023-11-22,3.2894254374
2023-11-23,3.3813953053
2023-11-24,3.3927923493
2023-11-27,3.3317157989
2023-11-28,3.3013953517
2023-11-29,3.1895634277
2023-11-30,3.2601882344
2023-12-01,3.1800651796
2023-12-04,3.1059431576
2023-12-05,3.0437448773
2023-12-06,2.9855510706
2023-12-07,2.9683679188
2023-12-08,3.0591756768
2023-12-11,3.0439567511
2023-12-12,3.0070159957
2023-12-13,2.9547164435
2023-12-14,2.8925216231
2023-12-15,2.7962262458
2023-12-18,2.8350187412
2023-12-19,2.7591540832
2023-12-20,2.7127951983
2023-12-21,2.6640080495
2023-12-22,2.6854990093
2023-12-27,2.6612595821
2023-12-28,2.7022039547
2023-12-29,2.7881387554
2024-01-02,2.8165154778
2024-01-03,2.8362134581
2024-01-04,2.9164446258
2024-01-05,2.9585101494
2024-01-08,2.9330010905
2024-01-09,2.9296703076
2024-01-10,2.9403762441
2024-01-11,2.925773374
2024-01-12,2.8951236361
2024-01-15,2.9540249669
2024-01-16,2.9390768753
2024-01-17,3.0311871017
2024-01-18,3.041611441
2024-01-19,3.0452799757
2024-01-22,2.9881140192
2024-01-23,3.0404050174
2024-01-24,3.0339809572
2024-01-25,3.0122912564
2024-01-26,3.0155981976
2024-01-29,2.9524579563
2024-01-30,2.9639591203
2024-01-31,2.9114668154
2024-02-01,2.9003459471
2024-02-02,2.9327674991
2024-02-05,3.0159173801
2024-02-06,3.0331322097
2024-02-07,3.0199433014
2024-02-08,3.0638032526
2024-02-09,3.0987233482
2024-02-12,3.0743182771
2024-02-13,3.0860228634
2024-02-14,3.0642276544
2024-02-15,3.0072391733
2024-02-16,3.0718638107
2024-02-19,3.0718120763
2024-02-20,3.0440312144
2024-02-21,3.0713286853
2024-02-22,3.0708823102
2024-02-23,3.0246819885
2024-02-26,3.0570013415
2024-02-27,3.0862619742
2024-02-28,3.1053440297
2024-02-29,3.0620124941
2024-03-01,3.1151899736
2024-03-04,3.031836716
2024-03-05,2.9660896744
2024-03-06,2.947579262
2024-03-07,2.9159002205
2024-03-08,2.8830491352
2024-03-11,2.9368467724
2024-03-12,2.941273491
2024-03-13,2.9489258069
2024-03-14,3.0137738833
2024-03-15,3.0398715775
2024-03-18,3.039899774
2024-03-19,3.0278103254
2024-03-20,3.0286414146
2024-03-21,3.012534258
2024-03-22,2.9583689377
2024-03-25,2.9920512674
2024-03-26,2.9757390335
2024-03-27,2.9250104103
2024-03-28,2.948681538
2024-04-02,3.0716315996
2024-04-03,3.0841129466
2024-04-04,2.9889723269
2024-04-05,3.0138474737
2024-04-08,3.0512825377
2024-04-09,2.9943573617
2024-04-10,3.0323320866
2024-04-11,3.0634804115
2024-04-12,2.9597278803
2024-04-15,3.0593365139
2024-04-16,3.1315175593
2024-04-17,3.1002524999
2024-04-18,3.1175036156
2024-04-19,3.1333435429
2024-04-22,3.1086714207
2024-04-23,3.0889092517
2024-04-24,3.1819567159
2024-04-25,3.2486318618
2024-04-26,3.1622188332
2024-04-29,3.121777856
2024-04-30,3.1652509619
2024-05-02,3.1409020761
2024-05-03,3.0761342696
2024-05-06,3.0637865797
2024-05-07,3.0367861764
2024-05-08,3.0633273025
2024-05-09,3.101526441
2024-05-10,3.105705856
2024-05-13,3.0960421407
2024-05-14,3.1280777269
2024-05-15,3.0351258015
2024-05-16,3.0439482096
2024-05-17,3.1035526063
2024-05-20,3.1168616251
2024-05-21,3.0915668713
2024-05-22,3.1155066187
2024-05-23,3.1667473694
2024-05-24,3.1782713257
2024-05-27,3.1203635005
2024-05-28,3.1514966325
2024-05-29,3.2415335269
2024-05-30,3.2556158394
2024-05-31,3.2246748269
2024-06-03,3.1767398779
2024-06-04,3.1060033222
2024-06-05,3.0898226054
2024-06-06,3.1472413939
2024-06-07,3.2121612209
2024-06-10,3.2863740988
2024-06-11,3.309905064
2024-06-12,3.1778410161
2024-06-13,3.1906961371
2024-06-14,3.1019501265
2024-06-17,3.1286483149
2024-06-18,3.1015538866
2024-06-19,3.1278035604
2024-06-20,3.1525395132
2024-06-21,3.1211353016
2024-06-24,3.1205609554
2024-06-25,3.1150991136
2024-06-26,3.1560791337
2024-06-27,3.1802374087
2024-06-28,3.1980257738
2024-07-01,3.2611656784
2024-07-02,3.2458075008
2024-07-03,3.2416393042
2024-07-04,3.2224091095
2024-07-05,3.1859950724
2024-07-08,3.1330621552
2024-07-09,3.1633747993
2024-07-10,3.1228631513
2024-07-11,3.0689383865
2024-07-12,3.0877276842
2024-07-15,3.0707328706
2024-07-16,3.0200944959
2024-07-17,3.0262135764
2024-07-18,3.0042090222
2024-07-19,3.0667261173
2024-07-22,3.0676348625
2024-07-23,3.0622066465
2024-07-24,3.0718645904
2024-07-25,3.0313469968
2024-07-26,3.0204544987
2024-07-29,2.9921791528
2024-07-30,2.9576814953
2024-07-31,2.9229971697
2024-08-01,2.9108858121
2024-08-02,2.8603951548
2024-08-05,2.9341679489
2024-08-06,2.9356243951
2024-08-07,3.0205696055
2024-08-08,3.0215297959
2024-08-09,2.9761258388
2024-08-12,2.975753616
2024-08-13,2.9324811064
2024-08-14,2.9242545288
2024-08-15,2.9834054274
2024-08-16,2.9732923691
2024-08-19,2.9800566539
2024-08-20,2.9537537122
2024-08-21,2.9338900874
2024-08-22,2.9414451389
2024-08-23,2.9742803361
2024-08-26,2.9777758337
2024-08-27,3.0340524948
2024-08-28,3.0002941322
2024-08-29,3.0046436508
2024-08-30,3.0148731308
2024-09-02,3.0641439859
2024-09-03,3.0114228325
2024-09-04,2.9586279658
2024-09-05,2.924067269
2024-09-06,2.9369450467
2024-09-09,2.9295405394
2024-09-10,2.91863262
2024-09-11,2.8521025365
2024-09-12,2.862673385
2024-09-13,2.8695611784
2024-09-16,2.8679888517
2024-09-17,2.8638819138
2024-09-18,2.9154166682
2024-09-19,2.9333827474
2024-09-20,2.9553549237
2024-09-23,2.9266768332
2024-09-24,2.9111436299
2024-09-25,2.9180586622
2024-09-26,2.8905341049
2024-09-27,2.8633776592
2024-09-30,2.8627040562
2024-10-01,2.7615365829
2024-10-02,2.8423325839
2024-10-03,2.8801945618
2024-10-04,2.9071828415
2024-10-07,2.9504289607
2024-10-08,2.9609492053
2024-10-09,2.9638366015
2024-10-10,2.9642902222
2024-10-11,3.0000972466
2024-10-14,2.9805732397
2024-10-15,2.9088225739
2024-10-16,2.8640594219
2024-10-17,2.8847316543
2024-10-18,2.8490825154
2024-10-21,2.942907839
2024-10-22,2.961323479
2024-10-23,2.9876118028
2024-10-24,2.9269444012
2024-10-25,2.9502264232
2024-10-28,2.9381773402
2024-10-29,2.975887921
2024-10-30,3.0133438995
2024-10-31,3.0780952127
2024-11-01,3.04627582
2024-11-04,3.0567738597
2024-11-05,3.0633320009
2024-11-06,3.1022234918
2024-11-07,3.1164745635
2024-11-08,3.0618081827
2024-11-11,3.0184508045
2024-11-12,3.003983398
2024-11-13,3.0429434262
2024-11-14,3.0060382105
2024-11-15,3.0027914395
2024-11-18,3.0215118685
2024-11-19,2.9849930249
2024-11-20,3.0089678089
2024-11-21,2.9742453591
2024-11-22,2.9350218642
2024-11-25,2.8811280569
2024-11-26,2.8855249634
2024-11-27,2.8532590478
2024-11-28,2.8048750234
2024-11-29,2.7677911076
2024-12-02,2.7377179852
2024-12-03,2.7197236919
2024-12-04,2.7420725668
2024-12-05,2.7341769152
2024-12-06,2.7056138353
2024-12-09,2.7073453884
2024-12-10,2.7100099825
2024-12-11,2.717576671
2024-12-12,2.7978524643
2024-12-13,2.8536636312
2024-12-16,2.8759157731
2024-12-17,2.8737500087
2024-12-18,2.8910203162
2024-12-19,2.9561845189
2024-12-20,2.9343072962
2024-12-23,2.9660859061
2024-12-24,2.967041134
2024-12-27,2.9846335277
2024-12-30,3.00078517
2025-01-02,2.9893020186
2025-01-03,3.0379149473
2025-01-06,3.0691256718
2025-01-07,3.0755131881
2025-01-08,3.155688636
2025-01-09,3.1773658924
2025-01-10,3.2094728418
2025-01-13,3.2474925843
2025-01-14,3.2692795047
2025-01-15,3.1647869222
2025-01-16,3.1827404977
2025-01-17,3.1202365843
2025-01-20,3.1197871202
2025-01-21,3.1032408492
2025-01-22,3.0950444361
2025-01-23,3.1490372723
2025-01-24,3.1723047694
2025-01-27,3.1245708902
2025-01-28,3.1290559126
2025-01-29,3.1260594069
2025-01-30,3.0893381773
2025-01-31,3.0481418497
2025-02-03,2.9720514053
2025-02-04,2.9927999545
2025-02-05,2.9230580875
2025-02-06,2.9364751294
2025-02-07,2.9583070096
2025-02-10,2.9293158568
2025-02-11,3.0075337626
2025-02-12,3.0600937843
2025-02-13,2.9834285209
2025-02-14,2.9990532146
2025-02-17,3.0487995319
2025-02-18,3.052739534
2025-02-19,3.1240920041
2025-02-20,3.1153845209
2025-02-21,3.0600925978
2025-02-24,3.0562053838
2025-02-25,3.0409026224
2025-02-26,3.0126340644
2025-02-27,3.0004107998
2025-02-28,2.9826251435
2025-03-03,3.0795671759
2025-03-04,3.0593336461
2025-03-05,3.3099630142
2025-03-06,3.4379702116
2025-03-07,3.3718488689
2025-03-10,3.3727398994
2025-03-11,3.4064442602
2025-03-12,3.4079098254
2025-03-13,3.4129205356
2025-03-14,3.4213100217
2025-03-17,3.3488294435
2025-03-18,3.4017328736
2025-03-19,3.3547105672
2025-03-20,3.3242884511
2025-03-21,3.3440476443
2025-03-24,3.3533818058
2025-03-25,3.3649047093
2025-03-26,3.3588296286
2025-03-27,3.3545446099
2025-03-28,3.3164268146
2025-03-31,3.2957289281
2025-04-01,3.2633434565
2025-04-02,3.2689571397
2025-04-03,3.2551274068
2025-04-04,3.203611148
2025-04-07,3.2530750004
2025-04-08,3.3114775727
2025-04-09,3.2846313602
2025-04-10,3.2425530054
2025-04-11,3.2011184324
2025-04-14,3.1656323329
2025-04-15,3.1889382485
2025-04-16,3.1599349792
2025-04-17,3.1318872874
2025-04-22,3.1179195484
2025-04-23,3.1494613211
2025-04-24,3.1000124456
2025-04-25,3.1067879174
2025-04-28,3.1413140647
2025-04-29,3.1367470414
2025-04-30,3.10851883
2025-05-02,3.1291064941
2025-05-05,3.1569150433
2025-05-06,3.1957146592
2025-05-07,3.1316907837
2025-05-08,3.1387175321
2025-05-09,3.1896447612
2025-05-12,3.2421971188
2025-05-13,3.2361243047
2025-05-14,3.2529735295
2025-05-15,3.2120010715
2025-05-16,3.1515237985
2025-05-19,3.1820690565
2025-05-20,3.1864826642
2025-05-21,3.2242591101
2025-05-22,3.2440266043
2025-05-23,3.1743811885
2025-05-26,3.1749061313
2025-05-27,3.1304852678
2025-05-28,3.14393228
2025-05-29,3.1025671415
2025-05-30,3.1062984231
2025-06-02,3.1285209006
2025-06-03,3.0877821521
2025-06-04,3.1195098972
2025-06-05,3.1400780975
2025-06-06,3.154823722
2025-06-09,3.1668533066
2025-06-10,3.106518043
2025-06-11,3.1105480202
2025-06-12,3.0938758708
2025-06-13,3.1255595123
2025-06-16,3.1263118607
2025-06-17,3.1463730522
2025-06-18,3.1329338778
2025-06-19,3.154907465
2025-06-20,3.1596863898
2025-06-23,3.142564236
2025-06-24,3.1629240096
2025-06-25,3.1711414694
2025-06-26,3.1582723034
2025-06-27,3.1879472554
2025-06-30,3.173120626
2025-07-01,3.1494578379
2025-07-02,3.231802281
2025-07-03,3.1875002919
2025-07-04,3.1494502298
2025-07-07,3.2011217233
2025-07-08,3.2404096455
2025-07-09,3.2275564737
2025-07-10,3.255374807
2025-07-11,3.2845521936
2025-07-14,3.2885220454
2025-07-15,3.2329325424
2025-07-16,3.238552523
2025-07-17,3.2389867479
2025-07-18,3.2502374243
2025-07-21,3.1679857663
2025-07-22,3.1511832005
2025-07-23,3.1509712562
2025-07-24,3.237902676
2025-07-25,3.2731336557
2025-07-28,3.2235715324
2025-07-29,3.2307795668
2025-07-30,3.2481125964
2025-07-31,3.2303909373
2025-08-01,3.2050207034
2025-08-04,3.1770015728
2025-08-05,3.1613589878
2025-08-06,3.1753831251
2025-08-07,3.1694658307
2025-08-08,3.2195793098
2025-08-11,3.218708285
2025-08-12,3.2750696742
2025-08-13,3.2106378448
2025-08-14,3.2269011819
2025-08-15,3.3024492986
2025-08-18,3.2875592944
2025-08-19,3.2778414176
2025-08-20,3.2514361117
2025-08-21,3.2973985458
2025-08-22,3.283509931
2025-08-25,3.314859076
2025-08-26,3.3004921784
2025-08-27,3.3071912629
2025-08-28,3.2744103958
2025-08-29,3.2919262511
2025-09-01,3.3180098378
2025-09-02,3.3682305656
2025-09-03,3.3234704402
2025-09-04,3.2796211287
2025-09-05,3.2332491398
2025-09-08,3.206270745
2025-09-09,3.217829424
2025-09-10,3.2140601959
2025-09-11,3.2177425635
2025-09-12,3.2540059273
2025-09-15,3.2350317724
2025-09-16,3.2282448577
2025-09-17,3.2148905785
2025-09-18,3.2592196686
2025-09-19,3.2730596648
2025-09-22,3.2836251138
2025-09-23,3.2809492424
2025-09-24,3.2941350382
2025-09-25,3.3180078549
2025-09-26,3.3005384014
2025-09-29,3.2671190234
2025-09-30,3.2519032608
2025-10-01,3.2372948869
2025-10-02,3.2596170534
2025-10-03,3.241662629
2025-10-06,3.2684794302
2025-10-07,3.2826210726
2025-10-08,3.2242862003
2025-10-09,3.2383665469
2025-10-10,3.2113672152
2025-10-13,3.1804028868
2025-10-14,3.1437302562
2025-10-15,3.1003811336
2025-10-16,3.1006698751
2025-10-17,3.1134003099
2025-10-20,3.1183140603
2025-10-21,3.0905522623
2025-10-22,3.0968147213
2025-10-23,3.1130135027
2025-10-24,3.1634556602
2025-10-27,3.1600624321
2025-10-28,3.1549907764
2025-10-29,3.1494575643
2025-10-30,3.1577466824
2025-10-31,3.1576905381
2025-11-03,3.1678826598
2025-11-04,3.1695573381
2025-11-05,3.1774893159
2025-11-06,3.1829226247
2025-11-07,3.2057830666
2025-11-10,3.1891457978
2025-11-11,3.1703059873
2025-11-12,3.1536181466
2025-11-13,3.1780450848
2025-11-14,3.2165409959
2025-11-17,3.2094774448
